response_id,config,post_index,true_label,predicted,full_answer,retrieved_chunks,c2_relevant,c2_note,c3_relevant,c3_note
Phase 3: Few-shot + Scoped-Hybrid Few-shot (Curated+Scoped)-0,Hybrid Few-shot (Curated+Scoped),0,suicidal,suicidal,"Label: suicidal  
Evidence: ICD-11 chunk [3] says: ""suicidal ideation (with or without a specific plan), or evidence of attempted suicide""  
Justification: The post mentions ""ending it all"" and ""killing myself"" and refers to a method (""not sleeping until I just die"") as a way to end life. This aligns with the ICD-11 definition of suicidal ideation (with or without a specific plan) or evidence of attempted suicide, indicating a risk of suicide.","[1] Depressive episode — Essential Features: • The concurrent presence of at least five of the following characteristic symptoms occurring for most of the day, nearly every day, during a period lasting at least 2 weeks is required for diagnosis. At least one symptom from the affective cluster must be present. Assessment of the presence or abse
---
[2] Depressive episode — Boundary with Normality: • Some depression of mood is a normal reaction to severe adverse life events and problems (e.g. divorce, job loss), and is common in the community. A depressive episode is differentiated from this common experience by the severity, range and duration of symptoms. If the diagnostic requirements for a
---
[3] Depressive episode — Essential Features: suicidal ideation (with or without a specific plan), or evidence of attempted suicide Mood disorders 213 Neurovegetative cluster • Significantly disrupted sleep (delayed sleep onset, increased frequency of waking during the night, or early morning awakening) or excessive sleep • Significant change i
---
[4] Prolonged grief disorder — Boundary with Normality: • An individual experiencing a grief reaction that is within a normative period given their cultural and religious context is considered to be experiencing normal bereavement, and should not be assigned a diagnosis of prolonged grief disorder. It is often important to consider whether other people w
---
[5] Prolonged grief disorder — Essential Features: • A history of bereavement following the death of a partner, parent, child or other person close to the bereaved is required for diagnosis. Disorders specifically associated with stress | Prolonged grief disorder Disorders specifically associated with stress 349 • A persistent and pervasive grief re",,,,
Phase 3: Few-shot + Scoped-Hybrid Few-shot (Curated+Scoped)-1,Hybrid Few-shot (Curated+Scoped),1,suicidal,depression,"Label: depression  
Evidence: [1] says: ""A depressive episode should not be considered to be present if the individual is exhibiting normal grief symptoms, including some level of depressive symptoms, and the individual has experienced the death of a loved one within the past 6 months, or longer if a more extended period of bereavement is consistent with the normative response for grieving within the individual’s religious and cultural context.""  
Justification: The post describes a deep sense of isolation, despair, and a lack of meaningful connection, which aligns with the criteria for a depressive episode. The individual is expressing feelings of being ""broken,"" ""alone,"" and ""deserving of it all,"" which are consistent with the symptoms of depression as outlined in ICD-11. The post does not indicate a specific plan for suicide or a clear indication of a manic or bipolar disorder, which would be required for a label of ""suicidal.""","[1] Depressive episode — Boundary with Normality: • Some depression of mood is a normal reaction to severe adverse life events and problems (e.g. divorce, job loss), and is common in the community. A depressive episode is differentiated from this common experience by the severity, range and duration of symptoms. If the diagnostic requirements for a
---
[2] Depressive episode — Essential Features: • The concurrent presence of at least five of the following characteristic symptoms occurring for most of the day, nearly every day, during a period lasting at least 2 weeks is required for diagnosis. At least one symptom from the affective cluster must be present. Assessment of the presence or abse
---
[3] Dysthymic disorder — Boundary with Normality: • Some depressed mood is a normal reaction to severe adverse life events and problems, and is common in the community. Dysthymic disorder is differentiated from this common experience by the severity, range and duration of symptoms. Assessment of the presence or absence of signs or symptoms should b
---
[4] Dysthymic disorder — Essential Features: • Persistent depressed mood (i.e. lasting 2 years or more), for most of the day, for more days than not, as reported by the individual (e.g. feeling down, sad) or as observed (e.g. tearful, defeated appearance), is required for diagnosis. In children and adolescents depressed mood can manifest as pe
---
[5] Depressive episode — Boundary with Normality: a depressive episode can be superimposed on normal grief. The presence of a depressive episode during a period of bereavement is suggested by persistence of constant depressive symptoms 1 month or more following the loss (i.e. there are no periods of positive mood or enjoyment of activities); severe",,,,
Phase 3: Few-shot + Scoped-Hybrid Few-shot (Curated+Scoped)-2,Hybrid Few-shot (Curated+Scoped),2,suicidal,suicidal,"Label: suicidal|depression|normal
Evidence: ICD-11 chunk [3] says: ""A depressive episode should not be considered to be present if the individual is exhibiting normal grief symptoms, including some level of depressive symptoms, and the individual has experienced the death of a loved one within the past 6 months, or longer if a more extended period of bereavement is consistent with the normative response for grieving within the individual’s religious and cultural context.""
Justification: The post expresses a sense of despair, hopelessness, and a desire to ""leave gracefully,"" which aligns with the criteria for a depressive episode. The mention of societal pressures and a void inside suggests significant emotional distress. However, the post does not indicate a specific plan for suicide or a clear intent to end one's life, which would classify it as suicidal. The evidence from ICD-11 chunk [3] supports the diagnosis of depression, as the symptoms described are consistent with those of a depressive episode, even though the post does not explicitly mention suicide.","[1] Dysthymic disorder — Essential Features: • Persistent depressed mood (i.e. lasting 2 years or more), for most of the day, for more days than not, as reported by the individual (e.g. feeling down, sad) or as observed (e.g. tearful, defeated appearance), is required for diagnosis. In children and adolescents depressed mood can manifest as pe
---
[2] Dysthymic disorder — Boundary with Normality: • Some depressed mood is a normal reaction to severe adverse life events and problems, and is common in the community. Dysthymic disorder is differentiated from this common experience by the severity, range and duration of symptoms. Assessment of the presence or absence of signs or symptoms should b
---
[3] Depressive episode — Boundary with Normality: • Some depression of mood is a normal reaction to severe adverse life events and problems (e.g. divorce, job loss), and is common in the community. A depressive episode is differentiated from this common experience by the severity, range and duration of symptoms. If the diagnostic requirements for a
---
[4] Depressive episode — Essential Features: • The concurrent presence of at least five of the following characteristic symptoms occurring for most of the day, nearly every day, during a period lasting at least 2 weeks is required for diagnosis. At least one symptom from the affective cluster must be present. Assessment of the presence or abse
---
[5] Cyclothymic disorder — Essential Features: • Mood instability over an extended period of time (i.e. 2 years or more) characterized by numerous hypomanic and depressive periods is required for diagnosis. (In children and adolescents depressed mood can manifest as pervasive irritability.) Hypomanic periods may or may not have been sufficiently",,,,
Phase 3: Few-shot + Scoped-Hybrid Few-shot (Curated+Scoped)-3,Hybrid Few-shot (Curated+Scoped),3,suicidal,depression,"Label: depression  
Evidence: [3] (Depressive episode — Essential Features): • The concurrent presence of at least five of the following characteristic symptoms occurring for most of the day, nearly every day, during a period lasting at least 2 weeks is required for diagnosis. At least one symptom from the affective cluster must be present. Assessment of the presence or absence of symptoms should be made relative to typical functioning of the individual. Affective cluster • Depressed mood as reported by the individual (e.g. feeling down, sad) or as observed (e.g. tearful, defeated appearance) (Note: in children and adolescents depressed mood can manifest as irritability.) • Markedly diminished interest or pleasure in activities, especially those normally found to be enjoyable to the individual (Note: this may include a reduction in sexual desire.) Cognitive-beavioural cluster • Reduced ability to concentrate and sustain attention on tasks, or marked indecisiveness • Beliefs of low self-worth or excessive and inappropriate guilt that may be manifestly delusional (Note: this item should not be considered present if guilt or self-reproach is exclusively about being depressed.) • Hopelessness about the future • Recurrent thoughts of death (not just fear of dying), recurrent suicidal ideation (with or without a specific plan), or evidence of attempted suicide Mood disorders 213 Neurovegetative cluster • Significantly disrupted sleep (delayed sleep onset, increased frequency of waking during the night, or early morning  
Justification: The post describes persistent feelings of depression, recurrent thoughts of death, and recurrent suicidal ideation, which align with the diagnostic criteria for a depressive episode. The text mentions ""I hate myself,"" ""my head is so messed up,"" and ""I want everything to end,"" indicating significant emotional distress and a lack of interest in activities, which are key features of a depressive episode.","[1] Hypomanic episode — Essential Features: • Both of the following symptoms occur concurrently and persist for most of the day, nearly every day, for at least several days. • Persistent elevation of mood or increased irritability is observable or reported, and represents a significant change from the individual’s usual range of moods (e.g. t
---
[2] Hypomanic episode — Boundary with Normality: • Hypomanic episodes are often difficult to distinguish from normal periods of elevated mood – for example, related to positive life events – particularly given that hypomanic episodes are not associated with significant functional impairment. In order to be considered a hypomanic episode, the sympt
---
[3] Depressive episode — Essential Features: • The concurrent presence of at least five of the following characteristic symptoms occurring for most of the day, nearly every day, during a period lasting at least 2 weeks is required for diagnosis. At least one symptom from the affective cluster must be present. Assessment of the presence or abse
---
[4] Depressive episode — Boundary with Normality: • Some depression of mood is a normal reaction to severe adverse life events and problems (e.g. divorce, job loss), and is common in the community. A depressive episode is differentiated from this common experience by the severity, range and duration of symptoms. If the diagnostic requirements for a
---
[5] Manic episode — Essential Features: • Both of the following features occur concurrently and persist for most of the day, nearly every day, during a period of at least 1 week, unless shortened by a treatment intervention. • An extreme mood state is observable or reported, characterized by euphoria, irritability or expansiveness that re",,,,
Phase 3: Few-shot + Scoped-Hybrid Few-shot (Curated+Scoped)-4,Hybrid Few-shot (Curated+Scoped),4,suicidal,suicidal,"Label: suicidal  
Evidence: [1] (Depressive episode — Essential Features): • The concurrent presence of at least five of the following characteristic symptoms occurring for most of the day, nearly every day, during a period lasting at least 2 weeks is required for diagnosis. At least one symptom from the affective cluster must be present. Assessment of the presence or absence of symptoms should be made relative to typical functioning of the individual. Affective cluster • Depressed mood as reported by the individual (e.g. feeling down, sad) or as observed (e.g. tearful, defeated appearance) (Note: in children and adolescents depressed mood can manifest as irritability.) • Markedly diminished interest or pleasure in activities, especially those normally found to be enjoyable to the individual (Note: this may include a reduction in sexual desire.) Cognitive-behavioural cluster • Reduced ability to concentrate and sustain attention on tasks, or marked indecisiveness • Beliefs of low self-worth or excessive and inappropriate guilt that may be manifestly delusional (Note: this item should not be considered present if guilt or self-reproach is exclusively about being depressed.) • Hopelessness about the future • Recurrent thoughts of death (not just fear of dying), recurrent suicidal ideation (with or without a specific plan), or evidence of attempted suicide Mood disorders 213 Neurovegetative cluster • Significantly disrupted sleep (delayed sleep onset, increased frequency of waking during the night, or early morning  
Justification: The post contains recurrent thoughts of death and recurrent suicidal ideation, which align with the diagnostic criteria for a depressive episode. The individual expresses a sense of hopelessness and a desire to ""die,"" which are consistent with the essential features of a depressive episode as outlined in ICD-11.","[1] Depressive episode — Essential Features: • The concurrent presence of at least five of the following characteristic symptoms occurring for most of the day, nearly every day, during a period lasting at least 2 weeks is required for diagnosis. At least one symptom from the affective cluster must be present. Assessment of the presence or abse
---
[2] Depressive episode — Boundary with Normality: • Some depression of mood is a normal reaction to severe adverse life events and problems (e.g. divorce, job loss), and is common in the community. A depressive episode is differentiated from this common experience by the severity, range and duration of symptoms. If the diagnostic requirements for a
---
[3] Manic episode — Essential Features: their skill level, or that they are about to become famous – in psychotic presentations of mania, this may be manifested in grandiose delusions); • decreased need for sleep (e.g. the person reports being able to function with only 2 or 3 hours of sleep), as distinct from insomnia, in which an indivi
---
[4] Manic episode — Boundary with Normality: • Periods of euphoric or irritable mood that are entirely contextually appropriate (e.g. euphoria after winning a lottery) should not be considered as meeting the mood component of the diagnostic requirements for a manic episode.
---
[5] Hypomanic episode — Essential Features: from one idea to the next; the person reports that their thoughts are rapid or even racing and has difficulty remaining on a topic); • increased self-esteem or grandiosity (e.g. the individual is more self-confident than usual); • decreased need for sleep (e.g. the person reports needing less sleep ",,,,
Phase 3: Few-shot + Scoped-Hybrid Few-shot (Curated+Scoped)-5,Hybrid Few-shot (Curated+Scoped),5,suicidal,depression,"Label: depression
Evidence: [3] (Depressive episode — Essential Features) says: ""The concurrent presence of at least five of the following characteristic symptoms occurring for most of the day, nearly every day, during a period lasting at least 2 weeks is required for diagnosis. At least one symptom from the affective cluster must be present. Assessment of the presence or absence of symptoms should be made relative to typical functioning of the individual. Affective cluster • Depressed mood as reported by the individual (e.g. feeling down, sad) or as observed (e.g. tearful, defeated appearance) (Note: in children and adolescents depressed mood can manifest as irritability.)""
Justification: The post expresses a persistent sense of hopelessness, a desire to end one's life, and a deep sense of despair, which aligns with the diagnostic criteria for a depressive episode. The individual exhibits symptoms consistent with a depressive episode, including persistent depressed mood, reduced interest in life, and a sense of hopelessness, which are all outlined in the ICD-11 criteria for a depressive episode.","[1] Dysthymic disorder — Boundary with Normality: • Some depressed mood is a normal reaction to severe adverse life events and problems, and is common in the community. Dysthymic disorder is differentiated from this common experience by the severity, range and duration of symptoms. Assessment of the presence or absence of signs or symptoms should b
---
[2] Dysthymic disorder — Essential Features: • Persistent depressed mood (i.e. lasting 2 years or more), for most of the day, for more days than not, as reported by the individual (e.g. feeling down, sad) or as observed (e.g. tearful, defeated appearance), is required for diagnosis. In children and adolescents depressed mood can manifest as pe
---
[3] Depressive episode — Essential Features: • The concurrent presence of at least five of the following characteristic symptoms occurring for most of the day, nearly every day, during a period lasting at least 2 weeks is required for diagnosis. At least one symptom from the affective cluster must be present. Assessment of the presence or abse
---
[4] Depressive episode — Boundary with Normality: • Some depression of mood is a normal reaction to severe adverse life events and problems (e.g. divorce, job loss), and is common in the community. A depressive episode is differentiated from this common experience by the severity, range and duration of symptoms. If the diagnostic requirements for a
---
[5] Manic episode — Essential Features: their skill level, or that they are about to become famous – in psychotic presentations of mania, this may be manifested in grandiose delusions); • decreased need for sleep (e.g. the person reports being able to function with only 2 or 3 hours of sleep), as distinct from insomnia, in which an indivi",,,,
Phase 3: Few-shot + Scoped-Hybrid Few-shot (Curated+Scoped)-6,Hybrid Few-shot (Curated+Scoped),6,suicidal,suicidal,"Label: suicidal|depression|normal
Evidence: [1] says: ""The concurrent presence of at least five of the following characteristic symptoms occurring for most of the day, nearly every day, during a period lasting at least 2 weeks is required for diagnosis. At least one symptom from the affective cluster must be present.""
Justification: The post mentions the desire to take all of the meds and not die but be hospitalized, which indicates a suicidal ideation. The mention of overdosing twice before suggests a history of depressive symptoms and a potential risk of suicide. The statement reflects a depressive episode with suicidal ideation, aligning with the diagnostic criteria for depression and suicidal behavior.","[1] Depressive episode — Essential Features: • The concurrent presence of at least five of the following characteristic symptoms occurring for most of the day, nearly every day, during a period lasting at least 2 weeks is required for diagnosis. At least one symptom from the affective cluster must be present. Assessment of the presence or abse
---
[2] Depressive episode — Boundary with Normality: • Some depression of mood is a normal reaction to severe adverse life events and problems (e.g. divorce, job loss), and is common in the community. A depressive episode is differentiated from this common experience by the severity, range and duration of symptoms. If the diagnostic requirements for a
---
[3] Hypomanic episode — Essential Features: from one idea to the next; the person reports that their thoughts are rapid or even racing and has difficulty remaining on a topic); • increased self-esteem or grandiosity (e.g. the individual is more self-confident than usual); • decreased need for sleep (e.g. the person reports needing less sleep 
---
[4] Hypomanic episode — Boundary with Normality: • Hypomanic episodes are often difficult to distinguish from normal periods of elevated mood – for example, related to positive life events – particularly given that hypomanic episodes are not associated with significant functional impairment. In order to be considered a hypomanic episode, the sympt
---
[5] Hypomanic episode — Essential Features: • Both of the following symptoms occur concurrently and persist for most of the day, nearly every day, for at least several days. • Persistent elevation of mood or increased irritability is observable or reported, and represents a significant change from the individual’s usual range of moods (e.g. t",,,,
Phase 3: Few-shot + Scoped-Hybrid Few-shot (Curated+Scoped)-7,Hybrid Few-shot (Curated+Scoped),7,suicidal,normal,"Label: normal  
Evidence: [1] says: ""Adjustment disorder — Essential Features: • A maladaptive reaction to an identifiable psychosocial stressor or multiple stressors (e.g. single stressful event, ongoing psychosocial difficulty or a combination of stressful life situations) that usually emerges within a month of the stressor is required for diagnosis. Examples include divorce or loss of a relationship, loss of a job, diagnosis of an illness, recent onset of a disability, and conflicts at home or work. • The reaction to the stressor is characterized by preoccupation with the stressor or its consequences, including excessive worry, recurrent and distressing thoughts about the stressor, or constant rumination about its implications. • The symptoms are not better accounted for by another mental disorder (e.g. a mood disorder, another disorder specifically associated with stress). • Once the stressor and its consequences have ended, the symptoms resolve within 6 months. • Failure to adapt to the stressor results in significant impairment in personal, family, social, educational, occupational or other important areas of functioning. If functioning is maintained, it is only through significant additional effort.""
Justification: The post expresses a sense of struggle and difficulty in maintaining basic self-care, but does not indicate a specific stressor or a maladaptive reaction that meets the diagnostic criteria for adjustment disorder. The content is neutral and does not show signs of depression or suicidal ideation.","[1] Adjustment disorder — Essential Features: • A maladaptive reaction to an identifiable psychosocial stressor or multiple stressors (e.g. single stressful event, ongoing psychosocial difficulty or a combination of stressful life situations) that usually emerges within a month of the stressor is required for diagnosis. Examples include divorce
---
[2] Adjustment disorder — Boundary with Normality: • Adjustment disorder represents a maladaptive reaction and failure to adapt to a stressor that is associated with significant preoccupation, and results in significant impairment in personal, family, social, educational, occupational or other important areas of functioning. Emotional reactions to n
---
[3] Mixed depressive and anxiety disorder — Essential Features: • The presence of both depressive and anxiety symptoms for most of the time during a period of 2 weeks or more is required for diagnosis. Mood disorders 259 • Depressive symptoms include depressed mood or markedly diminished interest or pleasure in activities. • There are multiple anxiety symptoms, 
---
[4] Mixed depressive and anxiety disorder — Boundary with Normality: • If worry is the only anxiety symptom (i.e. no sympathetic autonomic or other anxiety symptoms are present), a diagnosis of mixed depressive and anxiety disorder diagnosis is not appropriate.
---
[5] Depressive episode — Essential Features: suicidal ideation (with or without a specific plan), or evidence of attempted suicide Mood disorders 213 Neurovegetative cluster • Significantly disrupted sleep (delayed sleep onset, increased frequency of waking during the night, or early morning awakening) or excessive sleep • Significant change i",,,,
Phase 3: Few-shot + Scoped-Hybrid Few-shot (Curated+Scoped)-8,Hybrid Few-shot (Curated+Scoped),8,suicidal,suicidal,"Label: suicidal|depression|normal  
Evidence: ICD-11 chunk [3] says: ""suicidal ideation (with or without a specific plan), or evidence of attempted suicide""  
Justification: The post mentions suicidal ideation with a specific plan (cyanide capsule) and a specific intent to use it, which aligns with the criteria for suicidal ideation with a specific plan. This connects to ICD-11 chunk [3], which includes suicidal ideation as a key feature of a depressive episode.","[1] Depressive episode — Essential Features: • The concurrent presence of at least five of the following characteristic symptoms occurring for most of the day, nearly every day, during a period lasting at least 2 weeks is required for diagnosis. At least one symptom from the affective cluster must be present. Assessment of the presence or abse
---
[2] Depressive episode — Boundary with Normality: • Some depression of mood is a normal reaction to severe adverse life events and problems (e.g. divorce, job loss), and is common in the community. A depressive episode is differentiated from this common experience by the severity, range and duration of symptoms. If the diagnostic requirements for a
---
[3] Depressive episode — Essential Features: suicidal ideation (with or without a specific plan), or evidence of attempted suicide Mood disorders 213 Neurovegetative cluster • Significantly disrupted sleep (delayed sleep onset, increased frequency of waking during the night, or early morning awakening) or excessive sleep • Significant change i
---
[4] Dysthymic disorder — Essential Features: • Persistent depressed mood (i.e. lasting 2 years or more), for most of the day, for more days than not, as reported by the individual (e.g. feeling down, sad) or as observed (e.g. tearful, defeated appearance), is required for diagnosis. In children and adolescents depressed mood can manifest as pe
---
[5] Dysthymic disorder — Boundary with Normality: • Some depressed mood is a normal reaction to severe adverse life events and problems, and is common in the community. Dysthymic disorder is differentiated from this common experience by the severity, range and duration of symptoms. Assessment of the presence or absence of signs or symptoms should b",,,,
Phase 3: Few-shot + Scoped-Hybrid Few-shot (Curated+Scoped)-9,Hybrid Few-shot (Curated+Scoped),9,suicidal,normal,"Label: normal  
Evidence: [1] (Dysthymic disorder — Essential Features) says: ""Persistent depressed mood (i.e. lasting 2 years or more), for most of the day, for more days than not, as reported by the individual (e.g. feeling down, sad) or as observed (e.g. tearful, defeated appearance), is required for diagnosis. In children and adolescents depressed mood can manifest as pervasive irritability.""  
Justification: The post does not mention any depressive symptoms, mood changes, or persistent depressed mood. The user is expressing a sense of frustration but does not indicate any ongoing depressive or suicidal symptoms. The statement is neutral and does not meet the criteria for depression or suicidal behavior as per the ICD-11 chunks.","[1] Dysthymic disorder — Essential Features: • Persistent depressed mood (i.e. lasting 2 years or more), for most of the day, for more days than not, as reported by the individual (e.g. feeling down, sad) or as observed (e.g. tearful, defeated appearance), is required for diagnosis. In children and adolescents depressed mood can manifest as pe
---
[2] Dysthymic disorder — Boundary with Normality: • Some depressed mood is a normal reaction to severe adverse life events and problems, and is common in the community. Dysthymic disorder is differentiated from this common experience by the severity, range and duration of symptoms. Assessment of the presence or absence of signs or symptoms should b
---
[3] Depressive episode — Essential Features: • The concurrent presence of at least five of the following characteristic symptoms occurring for most of the day, nearly every day, during a period lasting at least 2 weeks is required for diagnosis. At least one symptom from the affective cluster must be present. Assessment of the presence or abse
---
[4] Depressive episode — Boundary with Normality: • Some depression of mood is a normal reaction to severe adverse life events and problems (e.g. divorce, job loss), and is common in the community. A depressive episode is differentiated from this common experience by the severity, range and duration of symptoms. If the diagnostic requirements for a
---
[5] Cyclothymic disorder — Essential Features: • Mood instability over an extended period of time (i.e. 2 years or more) characterized by numerous hypomanic and depressive periods is required for diagnosis. (In children and adolescents depressed mood can manifest as pervasive irritability.) Hypomanic periods may or may not have been sufficiently",,,,
Phase 3: Few-shot + Scoped-Hybrid Few-shot (Curated+Scoped)-10,Hybrid Few-shot (Curated+Scoped),10,depression,depression,"Label: depression  
Evidence: [3] (Depressive episode — Essential Features): ""The concurrent presence of at least five of the following characteristic symptoms occurring for most of the day, nearly every day, during a period lasting at least 2 weeks is required for diagnosis. At least one symptom from the affective cluster must be present. Assessment of the presence or absence of symptoms should be made relative to typical functioning of the individual. Affective cluster • Depressed mood as reported by the individual (e.g. feeling down, sad) or as observed (e.g. tearful, defeated appearance) (Note: in children and adolescents depressed mood can manifest as irritability.) • Markedly diminished interest or pleasure in activities, especially those normally found to be enjoyable to the individual (Note: this may include a reduction in sexual desire.) Cognitive-behavioural cluster • Reduced ability to concentrate and sustain attention on tasks, or marked indecisiveness • Beliefs of low self-worth or excessive and inappropriate guilt that may be manifestly delusional (Note: this item should not be considered present if guilt or self-reproach is exclusively about being depressed.) • Hopelessness about the future • Recurrent thoughts of death (not just fear of dying), recurrent suicidal ideation (with or without a specific plan), or evidence of attempted suicide""  
Justification: The post describes persistent feelings of being trapped, constant stress, and a sense of hopelessness, which align with the essential features of a depressive episode. The individual exhibits marked diminished interest in activities, recurrent thoughts of death, and recurrent suicidal ideation, all of which are consistent with the diagnostic criteria for a depressive episode.","[1] Hypomanic episode — Essential Features: • Both of the following symptoms occur concurrently and persist for most of the day, nearly every day, for at least several days. • Persistent elevation of mood or increased irritability is observable or reported, and represents a significant change from the individual’s usual range of moods (e.g. t
---
[2] Hypomanic episode — Boundary with Normality: • Hypomanic episodes are often difficult to distinguish from normal periods of elevated mood – for example, related to positive life events – particularly given that hypomanic episodes are not associated with significant functional impairment. In order to be considered a hypomanic episode, the sympt
---
[3] Depressive episode — Essential Features: • The concurrent presence of at least five of the following characteristic symptoms occurring for most of the day, nearly every day, during a period lasting at least 2 weeks is required for diagnosis. At least one symptom from the affective cluster must be present. Assessment of the presence or abse
---
[4] Depressive episode — Boundary with Normality: • Some depression of mood is a normal reaction to severe adverse life events and problems (e.g. divorce, job loss), and is common in the community. A depressive episode is differentiated from this common experience by the severity, range and duration of symptoms. If the diagnostic requirements for a
---
[5] Dysthymic disorder — Essential Features: • Persistent depressed mood (i.e. lasting 2 years or more), for most of the day, for more days than not, as reported by the individual (e.g. feeling down, sad) or as observed (e.g. tearful, defeated appearance), is required for diagnosis. In children and adolescents depressed mood can manifest as pe",,,,
Phase 3: Few-shot + Scoped-Hybrid Few-shot (Curated+Scoped)-11,Hybrid Few-shot (Curated+Scoped),11,depression,depression,"Label: depression
Evidence: [3] (Dysthymic disorder — Essential Features) says: ""Persistent depressed mood (i.e. lasting 2 years or more), for most of the day, for more days than not, as reported by the individual (e.g. feeling down, sad) or as observed (e.g. tearful, defeated appearance), is required for diagnosis. In children and adolescents depressed mood can manifest as pervasive irritability. The depressed mood is accompanied by additional symptoms typically seen in a depressive episode, though these may be milder in form. Examples include: markedly diminished interest or pleasure in activities, reduced concentration and attention, or indecisiveness, low self-worth, or excessive or inappropriate guilt, hopelessness about the future, disturbed sleep or increased sleep, diminished or increased appetite, low energy or fatigue. During the first 2 years of the disorder, there has never been a 2-week period during which the number and duration of symptoms were sufficient to meet the diagnostic requirements for a depressive episode. While brief symptom-free intervals during the period of persistent depressed mood are consistent with the diagnosis, there have never been any prolonged symptom-free periods (e.g. lasting 2 months or more) since the onset of the disorder. There is no history of manic, mixed or hypomanic episodes, which would indicate the presence of a bipolar or related disorder. The symptoms are not a manifestation""
Justification: The post describes a persistent sense of depression, questioning one's identity, and a lack of interest in activities, which aligns with the essential features of dysthymic disorder. The symptoms described in the evidence include a persistent depressed mood, reduced interest in activities, and hopelessness, which are consistent with the diagnostic criteria for dysthymic disorder.","[1] Cyclothymic disorder — Essential Features: • Mood instability over an extended period of time (i.e. 2 years or more) characterized by numerous hypomanic and depressive periods is required for diagnosis. (In children and adolescents depressed mood can manifest as pervasive irritability.) Hypomanic periods may or may not have been sufficiently
---
[2] Cyclothymic disorder — Boundary with Normality: • Cyclothymic disorder is distinguished from normal variations in mood by a history of distress or difficulty functioning due to repeated occurrences of mood disturbance.
---
[3] Dysthymic disorder — Essential Features: • Persistent depressed mood (i.e. lasting 2 years or more), for most of the day, for more days than not, as reported by the individual (e.g. feeling down, sad) or as observed (e.g. tearful, defeated appearance), is required for diagnosis. In children and adolescents depressed mood can manifest as pe
---
[4] Dysthymic disorder — Boundary with Normality: • Some depressed mood is a normal reaction to severe adverse life events and problems, and is common in the community. Dysthymic disorder is differentiated from this common experience by the severity, range and duration of symptoms. Assessment of the presence or absence of signs or symptoms should b
---
[5] Depressive episode — Essential Features: • The concurrent presence of at least five of the following characteristic symptoms occurring for most of the day, nearly every day, during a period lasting at least 2 weeks is required for diagnosis. At least one symptom from the affective cluster must be present. Assessment of the presence or abse",,,,
Phase 3: Few-shot + Scoped-Hybrid Few-shot (Curated+Scoped)-12,Hybrid Few-shot (Curated+Scoped),12,depression,suicidal,"Label: suicidal  
Evidence: [3] (Depressive episode — Essential Features): ""The concurrent presence of at least five of the following characteristic symptoms occurring for most of the day, nearly every day, during a period lasting at least 2 weeks is required for diagnosis. At least one symptom from the affective cluster must be present. Affective cluster • Depressed mood as reported by the individual (e.g. feeling down, sad) or as observed (e.g. tearful, defeated appearance) (Note: in children and adolescents depressed mood can manifest as irritability.)""  
Justification: The post contains explicit mention of suicidal ideation (""I will not be remembered for anything and Ill die as nothing =)""), which aligns with the diagnostic criteria for a depressive episode. The statement reflects a persistent and severe preoccupation with suicide, indicating a significant impairment in functioning and a lack of ability to cope with the situation, consistent with the essential features of a depressive episode.","[1] Depressive episode — Essential Features: suicidal ideation (with or without a specific plan), or evidence of attempted suicide Mood disorders 213 Neurovegetative cluster • Significantly disrupted sleep (delayed sleep onset, increased frequency of waking during the night, or early morning awakening) or excessive sleep • Significant change i
---
[2] Depressive episode — Boundary with Normality: • Some depression of mood is a normal reaction to severe adverse life events and problems (e.g. divorce, job loss), and is common in the community. A depressive episode is differentiated from this common experience by the severity, range and duration of symptoms. If the diagnostic requirements for a
---
[3] Depressive episode — Essential Features: • The concurrent presence of at least five of the following characteristic symptoms occurring for most of the day, nearly every day, during a period lasting at least 2 weeks is required for diagnosis. At least one symptom from the affective cluster must be present. Assessment of the presence or abse
---
[4] Prolonged grief disorder — Essential Features: • A history of bereavement following the death of a partner, parent, child or other person close to the bereaved is required for diagnosis. Disorders specifically associated with stress | Prolonged grief disorder Disorders specifically associated with stress 349 • A persistent and pervasive grief re
---
[5] Prolonged grief disorder — Boundary with Normality: • An individual experiencing a grief reaction that is within a normative period given their cultural and religious context is considered to be experiencing normal bereavement, and should not be assigned a diagnosis of prolonged grief disorder. It is often important to consider whether other people w",,,,
Phase 3: Few-shot + Scoped-Hybrid Few-shot (Curated+Scoped)-13,Hybrid Few-shot (Curated+Scoped),13,depression,suicidal,"Label: suicidal  
Evidence: ICD-11 chunk [5] says: ""suicidal ideation (with or without a specific plan), or evidence of attempted suicide""  
Justification: The post mentions ""suicidal ideation"" and ""evidence of attempted suicide"" which aligns with the diagnostic criteria for a depressive episode involving suicidal ideation or evidence of attempted suicide, as outlined in ICD-11 chunk [5].","[1] Depressive episode — Essential Features: • The concurrent presence of at least five of the following characteristic symptoms occurring for most of the day, nearly every day, during a period lasting at least 2 weeks is required for diagnosis. At least one symptom from the affective cluster must be present. Assessment of the presence or abse
---
[2] Depressive episode — Boundary with Normality: • Some depression of mood is a normal reaction to severe adverse life events and problems (e.g. divorce, job loss), and is common in the community. A depressive episode is differentiated from this common experience by the severity, range and duration of symptoms. If the diagnostic requirements for a
---
[3] Dysthymic disorder — Boundary with Normality: • Some depressed mood is a normal reaction to severe adverse life events and problems, and is common in the community. Dysthymic disorder is differentiated from this common experience by the severity, range and duration of symptoms. Assessment of the presence or absence of signs or symptoms should b
---
[4] Dysthymic disorder — Essential Features: • Persistent depressed mood (i.e. lasting 2 years or more), for most of the day, for more days than not, as reported by the individual (e.g. feeling down, sad) or as observed (e.g. tearful, defeated appearance), is required for diagnosis. In children and adolescents depressed mood can manifest as pe
---
[5] Depressive episode — Essential Features: suicidal ideation (with or without a specific plan), or evidence of attempted suicide Mood disorders 213 Neurovegetative cluster • Significantly disrupted sleep (delayed sleep onset, increased frequency of waking during the night, or early morning awakening) or excessive sleep • Significant change i",,,,
Phase 3: Few-shot + Scoped-Hybrid Few-shot (Curated+Scoped)-14,Hybrid Few-shot (Curated+Scoped),14,depression,normal,"Label: normal
Evidence: [3] (Prolonged grief disorder — Boundary with Normality) says: ""An individual experiencing a grief reaction that is within a normative period given their cultural and religious context is considered to be experiencing normal bereavement, and should not be assigned a diagnosis of prolonged grief disorder. It is often important to consider whether other people who share the bereaved person’s cultural or religious perspective (e.g. family, friends, community) regard the response to the loss or duration of the reaction as abnormal.""
Justification: The post expresses anxiety about a mother's surgery and a sense of despair but does not indicate a persistent and pervasive grief response that exceeds normal expectations. The statement is emotionally charged but does not meet the criteria for prolonged grief disorder as defined in the ICD-11.","[1] Hypomanic episode — Essential Features: • Both of the following symptoms occur concurrently and persist for most of the day, nearly every day, for at least several days. • Persistent elevation of mood or increased irritability is observable or reported, and represents a significant change from the individual’s usual range of moods (e.g. t
---
[2] Hypomanic episode — Boundary with Normality: • Hypomanic episodes are often difficult to distinguish from normal periods of elevated mood – for example, related to positive life events – particularly given that hypomanic episodes are not associated with significant functional impairment. In order to be considered a hypomanic episode, the sympt
---
[3] Prolonged grief disorder — Essential Features: • A history of bereavement following the death of a partner, parent, child or other person close to the bereaved is required for diagnosis. Disorders specifically associated with stress | Prolonged grief disorder Disorders specifically associated with stress 349 • A persistent and pervasive grief re
---
[4] Prolonged grief disorder — Boundary with Normality: • An individual experiencing a grief reaction that is within a normative period given their cultural and religious context is considered to be experiencing normal bereavement, and should not be assigned a diagnosis of prolonged grief disorder. It is often important to consider whether other people w",,,,
Phase 3: Few-shot + Scoped-Hybrid Few-shot (Curated+Scoped)-15,Hybrid Few-shot (Curated+Scoped),15,depression,depression,"Label: depression  
Evidence: [1] (Depressive episode — Essential Features) says: ""The concurrent presence of at least five of the following characteristic symptoms occurring for most of the day, nearly every day, during a period lasting at least 2 weeks is required for diagnosis. At least one symptom from the affective cluster must be present. Assessment of the presence or absence of symptoms should be made relative to typical functioning of the individual. Affective cluster • Depressed mood as reported by the individual (e.g. feeling down, sad) or as observed (e.g. tearful, defeated appearance) (Note: in children and adolescents depressed mood can manifest as irritability.) • Markedly diminished interest or pleasure in activities, especially those normally found to be enjoyable to the individual (Note: this may include a reduction in sexual desire.) Cognitive-beavioural cluster • Reduced ability to concentrate and sustain attention on tasks, or marked indecisiveness • Beliefs of low self-worth or excessive and inappropriate guilt that may be manifestly delusional (Note: this item should not be considered present if guilt or self-reproach is exclusively about being depressed.) • Hopelessness about the future • Recurrent thoughts of death (not just fear of dying), recurrent suicidal ideation (with or without a specific plan), or evidence of attempted suicide Mood disorders 213 Neurovegetative cluster • Significantly disrupted sleep (delayed sleep onset, increased frequency of waking during the night, or early morning)""  
Justification: The post describes a pervasive sense of hopelessness, a lack of motivation, and a belief that life has no meaning, which aligns with the essential features of a depressive episode. The individual has expressed recurrent thoughts of death and suicidal ideation, which are consistent with the diagnostic criteria for a depressive episode.","[1] Depressive episode — Essential Features: • The concurrent presence of at least five of the following characteristic symptoms occurring for most of the day, nearly every day, during a period lasting at least 2 weeks is required for diagnosis. At least one symptom from the affective cluster must be present. Assessment of the presence or abse
---
[2] Depressive episode — Boundary with Normality: • Some depression of mood is a normal reaction to severe adverse life events and problems (e.g. divorce, job loss), and is common in the community. A depressive episode is differentiated from this common experience by the severity, range and duration of symptoms. If the diagnostic requirements for a
---
[3] Dysthymic disorder — Essential Features: • Persistent depressed mood (i.e. lasting 2 years or more), for most of the day, for more days than not, as reported by the individual (e.g. feeling down, sad) or as observed (e.g. tearful, defeated appearance), is required for diagnosis. In children and adolescents depressed mood can manifest as pe
---
[4] Dysthymic disorder — Boundary with Normality: • Some depressed mood is a normal reaction to severe adverse life events and problems, and is common in the community. Dysthymic disorder is differentiated from this common experience by the severity, range and duration of symptoms. Assessment of the presence or absence of signs or symptoms should b
---
[5] Mixed depressive and anxiety disorder — Essential Features: • The presence of both depressive and anxiety symptoms for most of the time during a period of 2 weeks or more is required for diagnosis. Mood disorders 259 • Depressive symptoms include depressed mood or markedly diminished interest or pleasure in activities. • There are multiple anxiety symptoms, ",,,,
Phase 3: Few-shot + Scoped-Hybrid Few-shot (Curated+Scoped)-16,Hybrid Few-shot (Curated+Scoped),16,depression,depression,"Label: depression  
Evidence: [2] (Prolonged grief disorder — Essential Features) says: ""A persistent and pervasive grief response is characterized by longing for the deceased or persistent preoccupation with the deceased, accompanied by intense emotional pain. This may be manifested in experiences such as sadness, guilt, anger, denial, blame, difficulty accepting the death, the individual feeling that they have lost a part of themselves, an inability to experience positive mood, emotional numbness and difficulty in engaging with social or other activities.""  
Justification: The post describes a deep emotional pain, longing, and difficulty in engaging with social interactions, which aligns with the essential features of prolonged grief disorder. The individual is experiencing a persistent and pervasive grief response, as described in the ICD-11 text.","[1] Prolonged grief disorder — Boundary with Normality: • An individual experiencing a grief reaction that is within a normative period given their cultural and religious context is considered to be experiencing normal bereavement, and should not be assigned a diagnosis of prolonged grief disorder. It is often important to consider whether other people w
---
[2] Prolonged grief disorder — Essential Features: • A history of bereavement following the death of a partner, parent, child or other person close to the bereaved is required for diagnosis. Disorders specifically associated with stress | Prolonged grief disorder Disorders specifically associated with stress 349 • A persistent and pervasive grief re
---
[3] Hypomanic episode — Essential Features: • Both of the following symptoms occur concurrently and persist for most of the day, nearly every day, for at least several days. • Persistent elevation of mood or increased irritability is observable or reported, and represents a significant change from the individual’s usual range of moods (e.g. t
---
[4] Hypomanic episode — Boundary with Normality: • Hypomanic episodes are often difficult to distinguish from normal periods of elevated mood – for example, related to positive life events – particularly given that hypomanic episodes are not associated with significant functional impairment. In order to be considered a hypomanic episode, the sympt
---
[5] Borderline pattern — Essential Features: of interpersonal dysfunction across various contexts and relationships (e.g. romantic relationships, school/work, parent-child, family, friendships, peer contexts) • Interest in engaging in relationships with others • Ability to understand and appreciate others’ perspectives • Ability to develop and",,,,
Phase 3: Few-shot + Scoped-Hybrid Few-shot (Curated+Scoped)-17,Hybrid Few-shot (Curated+Scoped),17,depression,depression,"Label: depression
Evidence: [1] (Depressive episode — Essential Features) says: ""The concurrent presence of at least five of the following characteristic symptoms occurring for most of the day, nearly every day, during a period lasting at least 2 weeks is required for diagnosis. At least one symptom from the affective cluster must be present.""
Justification: The post describes persistent suicidal thoughts, a sense of loss of identity, and a deep sense of depression, which aligns with the essential features of a depressive episode. The individual is experiencing significant emotional distress and a lack of interest in activities, which are key indicators of depression as defined in ICD-11.","[1] Depressive episode — Essential Features: • The concurrent presence of at least five of the following characteristic symptoms occurring for most of the day, nearly every day, during a period lasting at least 2 weeks is required for diagnosis. At least one symptom from the affective cluster must be present. Assessment of the presence or abse
---
[2] Depressive episode — Boundary with Normality: • Some depression of mood is a normal reaction to severe adverse life events and problems (e.g. divorce, job loss), and is common in the community. A depressive episode is differentiated from this common experience by the severity, range and duration of symptoms. If the diagnostic requirements for a
---
[3] Cyclothymic disorder — Essential Features: • Mood instability over an extended period of time (i.e. 2 years or more) characterized by numerous hypomanic and depressive periods is required for diagnosis. (In children and adolescents depressed mood can manifest as pervasive irritability.) Hypomanic periods may or may not have been sufficiently
---
[4] Cyclothymic disorder — Boundary with Normality: • Cyclothymic disorder is distinguished from normal variations in mood by a history of distress or difficulty functioning due to repeated occurrences of mood disturbance.
---
[5] Mixed depressive and anxiety disorder — Essential Features: • The presence of both depressive and anxiety symptoms for most of the time during a period of 2 weeks or more is required for diagnosis. Mood disorders 259 • Depressive symptoms include depressed mood or markedly diminished interest or pleasure in activities. • There are multiple anxiety symptoms, ",,,,
Phase 3: Few-shot + Scoped-Hybrid Few-shot (Curated+Scoped)-18,Hybrid Few-shot (Curated+Scoped),18,depression,normal,"Label: normal  
Evidence: ICD-11 chunk [3] says: ""Increased activity or a subjective experience of increased energy is present, and represents a significant change from the individual’s typical level.""  
Justification: The post does not mention any symptoms of depression or suicidal ideation. The content is positive, describing a feeling of laughter and enjoyment, and does not indicate any distressing or indicative of a mental health condition.","[1] Hypomanic episode — Essential Features: • Both of the following symptoms occur concurrently and persist for most of the day, nearly every day, for at least several days. • Persistent elevation of mood or increased irritability is observable or reported, and represents a significant change from the individual’s usual range of moods (e.g. t
---
[2] Hypomanic episode — Boundary with Normality: • Hypomanic episodes are often difficult to distinguish from normal periods of elevated mood – for example, related to positive life events – particularly given that hypomanic episodes are not associated with significant functional impairment. In order to be considered a hypomanic episode, the sympt
---
[3] Manic episode — Essential Features: • Both of the following features occur concurrently and persist for most of the day, nearly every day, during a period of at least 1 week, unless shortened by a treatment intervention. • An extreme mood state is observable or reported, characterized by euphoria, irritability or expansiveness that re
---
[4] Manic episode — Boundary with Normality: • Periods of euphoric or irritable mood that are entirely contextually appropriate (e.g. euphoria after winning a lottery) should not be considered as meeting the mood component of the diagnostic requirements for a manic episode.
---
[5] Cyclothymic disorder — Essential Features: • Mood instability over an extended period of time (i.e. 2 years or more) characterized by numerous hypomanic and depressive periods is required for diagnosis. (In children and adolescents depressed mood can manifest as pervasive irritability.) Hypomanic periods may or may not have been sufficiently",,,,
Phase 3: Few-shot + Scoped-Hybrid Few-shot (Curated+Scoped)-19,Hybrid Few-shot (Curated+Scoped),19,depression,suicidal,"Label: suicidal  
Evidence: [3] (Depressive episode — Essential Features): • suicidal ideation (with or without a specific plan), or evidence of attempted suicide  
Justification: The post contains explicit mention of suicidal ideation and the desire to commit suicide, which aligns with the diagnostic criteria for a depressive episode as outlined in ICD-11. The text reflects a clear intent to end one's life, which is a key component of the diagnostic criteria for a depressive episode.","[1] Depressive episode — Essential Features: • The concurrent presence of at least five of the following characteristic symptoms occurring for most of the day, nearly every day, during a period lasting at least 2 weeks is required for diagnosis. At least one symptom from the affective cluster must be present. Assessment of the presence or abse
---
[2] Depressive episode — Boundary with Normality: • Some depression of mood is a normal reaction to severe adverse life events and problems (e.g. divorce, job loss), and is common in the community. A depressive episode is differentiated from this common experience by the severity, range and duration of symptoms. If the diagnostic requirements for a
---
[3] Depressive episode — Essential Features: suicidal ideation (with or without a specific plan), or evidence of attempted suicide Mood disorders 213 Neurovegetative cluster • Significantly disrupted sleep (delayed sleep onset, increased frequency of waking during the night, or early morning awakening) or excessive sleep • Significant change i
---
[4] Dysthymic disorder — Essential Features: since the onset of the disorder. • There is no history of manic, mixed or hypomanic episodes, which would indicate the presence of a bipolar or related disorder. • The symptoms are not a manifestation of another medical condition (e.g. hypothyroidism), and are not due to the effects of a substance o
---
[5] Dysthymic disorder — Boundary with Normality: • Some depressed mood is a normal reaction to severe adverse life events and problems, and is common in the community. Dysthymic disorder is differentiated from this common experience by the severity, range and duration of symptoms. Assessment of the presence or absence of signs or symptoms should b",,,,
Phase 3: Few-shot + Scoped-Hybrid Few-shot (Curated+Scoped)-20,Hybrid Few-shot (Curated+Scoped),20,normal,suicidal,"Label: suicidal
Evidence: [11] (Specific phobia — Boundary with Normality): • ""I don't see the point in living anymore. I've been thinking about ending it.""","[1] Generalized anxiety disorder — Boundary with Normality: • Anxiety and worry are normal emotional/cognitive states that commonly occur when people are under stress. At optimal levels, anxiety and worry may help to direct problem- solving efforts, focus attention adaptively and increase alertness. Normal anxiety and worry are usually sufficiently self-regu
---
[2] Generalized anxiety disorder — Essential Features: • Marked symptoms of anxiety are required for diagnosis, manifested in either: • general apprehensiveness that is not restricted to any particular environmental circumstance (i.e. “free-floating anxiety”); or • excessive worry (apprehensive expectation) about negative events occurring in several dif
---
[3] Panic disorder — Boundary with Normality: • Panic attacks are common in the general population, particularly in response to anxiety- provoking life events. Panic attacks in response to real threats to an individual’s physical or psychological integrity are considered part of the normative continuum of reactions, and a diagnosis is not warra
---
[4] Panic disorder — Essential Features: • Recurrent panic attacks, which are discrete episodes of intense fear or apprehension characterized by the rapid and concurrent onset of several characteristic symptoms, are required for diagnosis. These symptoms may include, but are not limited to, the following: • palpitations or increased heart 
---
[5] Specific phobia — Boundary with Normality: • In children and adolescents, some fears may be part of normal development (e.g. a young child who is afraid of dogs). Specific phobia should only be diagnosed if the fear or anxiety is excessive in comparison to that of other individuals at a similar developmental level.",,,,
Phase 3: Few-shot + Scoped-Hybrid Few-shot (Curated+Scoped)-21,Hybrid Few-shot (Curated+Scoped),21,normal,suicidal,"Label: suicidal|depression|normal
Evidence: ICD-11 chunk [1] says: ""The concurrent presence of at least five of the following characteristic symptoms occurring for most of the day, nearly every day, during a period lasting at least 2 weeks is required for diagnosis. At least one symptom from the affective cluster must be present.""
Justification: The post mentions laying in bed for seven hours and not being able to sleep, which could indicate persistent depressive symptoms. The mention of not being able to sleep and the prolonged duration of this situation may suggest a depressive episode, but the post does not explicitly mention suicidal ideation or a specific plan. However, the context of prolonged sleeplessness and the individual's struggle with sleep could be indicative of a depressive episode, though the exact classification requires further clinical assessment.","[1] Depressive episode — Essential Features: • The concurrent presence of at least five of the following characteristic symptoms occurring for most of the day, nearly every day, during a period lasting at least 2 weeks is required for diagnosis. At least one symptom from the affective cluster must be present. Assessment of the presence or abse
---
[2] Depressive episode — Boundary with Normality: • Some depression of mood is a normal reaction to severe adverse life events and problems (e.g. divorce, job loss), and is common in the community. A depressive episode is differentiated from this common experience by the severity, range and duration of symptoms. If the diagnostic requirements for a
---
[3] Dysthymic disorder — Essential Features: • Persistent depressed mood (i.e. lasting 2 years or more), for most of the day, for more days than not, as reported by the individual (e.g. feeling down, sad) or as observed (e.g. tearful, defeated appearance), is required for diagnosis. In children and adolescents depressed mood can manifest as pe
---
[4] Dysthymic disorder — Boundary with Normality: • Some depressed mood is a normal reaction to severe adverse life events and problems, and is common in the community. Dysthymic disorder is differentiated from this common experience by the severity, range and duration of symptoms. Assessment of the presence or absence of signs or symptoms should b
---
[5] Depressive episode — Essential Features: suicidal ideation (with or without a specific plan), or evidence of attempted suicide Mood disorders 213 Neurovegetative cluster • Significantly disrupted sleep (delayed sleep onset, increased frequency of waking during the night, or early morning awakening) or excessive sleep • Significant change i",,,,
Phase 3: Few-shot + Scoped-Hybrid Few-shot (Curated+Scoped)-22,Hybrid Few-shot (Curated+Scoped),22,normal,depression,"Label: depression  
Evidence: [1] says: ""Significantly disrupted sleep (delayed sleep onset, increased frequency of waking during the night, or early morning awakening) or excessive sleep • Significant change in appetite (diminished or increased) or significant weight change (gain or loss) • Psychomotor agitation or retardation (observable by others, not merely subjective feelings of restlessness or being slowed down) • Reduced energy, fatigue or marked tiredness following the expenditure of only a minimum of effort • The symptoms are not better accounted for by bereavement.""  
Justification: The post mentions fear of not taking care of a ""fa.."" which implies a sense of overwhelm and inability to maintain basic self-care, aligning with the ICD-11 criteria for depression, particularly the presence of reduced energy and marked tiredness following minimal effort.","[1] Depressive episode — Essential Features: suicidal ideation (with or without a specific plan), or evidence of attempted suicide Mood disorders 213 Neurovegetative cluster • Significantly disrupted sleep (delayed sleep onset, increased frequency of waking during the night, or early morning awakening) or excessive sleep • Significant change i
---
[2] Depressive episode — Boundary with Normality: • Some depression of mood is a normal reaction to severe adverse life events and problems (e.g. divorce, job loss), and is common in the community. A depressive episode is differentiated from this common experience by the severity, range and duration of symptoms. If the diagnostic requirements for a
---
[3] Prolonged grief disorder — Essential Features: • A history of bereavement following the death of a partner, parent, child or other person close to the bereaved is required for diagnosis. Disorders specifically associated with stress | Prolonged grief disorder Disorders specifically associated with stress 349 • A persistent and pervasive grief re
---
[4] Prolonged grief disorder — Boundary with Normality: • An individual experiencing a grief reaction that is within a normative period given their cultural and religious context is considered to be experiencing normal bereavement, and should not be assigned a diagnosis of prolonged grief disorder. It is often important to consider whether other people w
---
[5] Depressive episode — Boundary with Normality: a depressive episode can be superimposed on normal grief. The presence of a depressive episode during a period of bereavement is suggested by persistence of constant depressive symptoms 1 month or more following the loss (i.e. there are no periods of positive mood or enjoyment of activities); severe",,,,
Phase 3: Few-shot + Scoped-Hybrid Few-shot (Curated+Scoped)-23,Hybrid Few-shot (Curated+Scoped),23,normal,normal,"Label: normal  
Evidence: [1] says: ""Exposure to an event or situation (either short- or long-lasting) of an extremely threatening or horrific nature is required for diagnosis. Such events include, but are not limited to, directly experiencing natural or human-made disasters, combat, serious accidents, torture, sexual violence, terrorism; assault, acute life-threatening illness (e.g. a heart attack); witnessing the threatened or actual injury or death of others in a sudden, unexpected, or violent manner; and learning about the sudden, unexpected or violent death of a loved one.""  
Justification: The post describes a physical injury (sprained leg, pus, stomach pain) but does not mention any threatening or horrific event, nor does it indicate a psychological distress response. The content is neutral and does not suggest a suicidal ideation or significant emotional distress.","[1] Disorder specifically associated with stress, unspecified — Essential Features: • Exposure to an event or situation (either short- or long-lasting) of an extremely threatening or horrific nature is required for diagnosis. Such events include, but are not limited to, directly experiencing natural or human-made disasters, combat, serious accidents, torture, Disorders specifically
---
[2] Post-traumatic stress disorder — Essential Features: • Exposure to an event or situation (either short- or long-lasting) of an extremely threatening or horrific nature is required for diagnosis. Such events include, but are not limited to, directly experiencing natural or human-made disasters, combat, serious accidents, torture, sexual violence, terro
---
[3] Post-traumatic stress disorder — Boundary with Normality: • A history of exposure to an event or situation of an extremely threatening or horrific nature does not in itself indicate the presence of post-traumatic stress disorder. Many people experience such stressors without developing a disorder. Rather, the presentation must meet all diagnostic requireme
---
[4] Agoraphobia — Essential Features: • Marked and excessive fear or anxiety that occurs in, or in anticipation of, multiple situations where escape might be difficult or help might not be available is required for diagnosis. Examples include using public transportation, or being in crowds, outside the home alone, in shops or theatres, 
---
[5] Agoraphobia — Boundary with Normality: • Individuals may exhibit transient avoidance behaviours in the context of normal development or in periods of increased stress. These behaviours are differentiated from agoraphobia because they are limited in duration and do not lead to significant impact on functioning. • Individuals with disabili",,,,
Phase 3: Few-shot + Scoped-Hybrid Few-shot (Curated+Scoped)-24,Hybrid Few-shot (Curated+Scoped),24,normal,normal,"Label: normal  
Evidence: [2] (Manic episode — Essential Features) says: ""Increased activity or a subjective experience of increased energy is present, and represents a significant change from the individual’s typical level. Several of the following symptoms are present, representing a significant change from the individual’s usual behaviour or subjective state: increased talkativeness or pressured speech (a feeling of internal pressure to be more talkative); flight of ideas or experience of rapid or racing thoughts (e.g. thoughts flow rapidly and, in some cases, illogically from one idea to the next; the person reports that their thoughts are rapid or even racing and has difficulty remaining on topic); increased self-esteem or grandiosity (e.g. the individual believes that they can accomplish tasks well beyond their skill level, or that they are about to become famous – in psychotic presentations of mania, this may be manifested in grandiose delusions); decreased need for sleep (e.g. the person reports being able to function with only 2 or 3 hours of sleep), as distinct from insomnia, in which an individual wants to sleep but cannot; distractibility (e.g. the person cannot stay on task, because attention is drawn to irrelevant or minor environmental stimuli, such as being overly distracted by outside noise during a conversation); impulsive reckless behaviour (e.g. the individual impulsively pursues pleasurable activities without regard to their potential for negative consequences, or impulsively makes major decisions in the absence of adequate planning); an increase in sexual drive, sociability or goal-directed activity.""  
Justification: The post does not indicate any mood disturbance, impaired functioning, or significant changes in behavior that meet the diagnostic criteria for a manic episode or cyclothymic disorder. The content is neutral and does not reflect any mental health condition.","[1] Manic episode — Boundary with Normality: • Periods of euphoric or irritable mood that are entirely contextually appropriate (e.g. euphoria after winning a lottery) should not be considered as meeting the mood component of the diagnostic requirements for a manic episode.
---
[2] Manic episode — Essential Features: • Both of the following features occur concurrently and persist for most of the day, nearly every day, during a period of at least 1 week, unless shortened by a treatment intervention. • An extreme mood state is observable or reported, characterized by euphoria, irritability or expansiveness that re
---
[3] Cyclothymic disorder — Boundary with Normality: • Cyclothymic disorder is distinguished from normal variations in mood by a history of distress or difficulty functioning due to repeated occurrences of mood disturbance.
---
[4] Cyclothymic disorder — Essential Features: • Mood instability over an extended period of time (i.e. 2 years or more) characterized by numerous hypomanic and depressive periods is required for diagnosis. (In children and adolescents depressed mood can manifest as pervasive irritability.) Hypomanic periods may or may not have been sufficiently
---
[5] Manic episode — Essential Features: their skill level, or that they are about to become famous – in psychotic presentations of mania, this may be manifested in grandiose delusions); • decreased need for sleep (e.g. the person reports being able to function with only 2 or 3 hours of sleep), as distinct from insomnia, in which an indivi",,,,
Phase 3: Few-shot + Scoped-Hybrid Few-shot (Curated+Scoped)-25,Hybrid Few-shot (Curated+Scoped),25,normal,normal,"Label: normal  
Evidence: [2] says: ""Disorders specifically associated with stress 353 • Symptoms that occur as transient responses and resolve within a few days do not typically warrant a diagnosis of adjustment disorder.""  
Justification: The post discusses a desire for a comeback in a specific context but does not indicate a maladaptive reaction to a stressor, failure to adapt, or significant impairment in functioning. The content is neutral and does not show signs of depression or adjustment disorder.","[1] Adjustment disorder — Essential Features: • A maladaptive reaction to an identifiable psychosocial stressor or multiple stressors (e.g. single stressful event, ongoing psychosocial difficulty or a combination of stressful life situations) that usually emerges within a month of the stressor is required for diagnosis. Examples include divorce
---
[2] Adjustment disorder — Boundary with Normality: • Adjustment disorder represents a maladaptive reaction and failure to adapt to a stressor that is associated with significant preoccupation, and results in significant impairment in personal, family, social, educational, occupational or other important areas of functioning. Emotional reactions to n",,,,
Phase 3: Few-shot + Scoped-Hybrid Few-shot (Curated+Scoped)-26,Hybrid Few-shot (Curated+Scoped),26,normal,normal,"Label: normal
Evidence: ICD-11 chunk [1] says: ""decreased need for sleep (e.g. the person reports being able to function with only 2 or 3 hours of sleep), as distinct from insomnia, in which an individual wants to sleep but cannot""
Justification: The post mentions ""basic math getting their discord = wanting the D,"" which is a vague and unclear statement. There is no mention of suicidal ideation, depression, or any other mental health symptoms. The statement does not meet the criteria for any of the listed ICD-11 disorders.","[1] Manic episode — Essential Features: their skill level, or that they are about to become famous – in psychotic presentations of mania, this may be manifested in grandiose delusions); • decreased need for sleep (e.g. the person reports being able to function with only 2 or 3 hours of sleep), as distinct from insomnia, in which an indivi
---
[2] Manic episode — Boundary with Normality: • Periods of euphoric or irritable mood that are entirely contextually appropriate (e.g. euphoria after winning a lottery) should not be considered as meeting the mood component of the diagnostic requirements for a manic episode.
---
[3] Mixed episode — Essential Features: sexual desire or appetite) and cognitive functioning (e.g. periods of activation and inhibition or slowing of thoughts, attention and memory). • The symptoms are not a manifestation of another medical condition (e.g. a brain tumour), and are not due to the effects of a substance or medication on the
---
[4] Dysthymic disorder — Essential Features: since the onset of the disorder. • There is no history of manic, mixed or hypomanic episodes, which would indicate the presence of a bipolar or related disorder. • The symptoms are not a manifestation of another medical condition (e.g. hypothyroidism), and are not due to the effects of a substance o
---
[5] Dysthymic disorder — Boundary with Normality: • Some depressed mood is a normal reaction to severe adverse life events and problems, and is common in the community. Dysthymic disorder is differentiated from this common experience by the severity, range and duration of symptoms. Assessment of the presence or absence of signs or symptoms should b",,,,
Phase 3: Few-shot + Scoped-Hybrid Few-shot (Curated+Scoped)-27,Hybrid Few-shot (Curated+Scoped),27,normal,normal,"Label: normal  
Evidence: [1] says: ""An individual experiencing a grief reaction that is within a normative period given their cultural and religious context is considered to be experiencing normal bereavement, and should not be assigned a diagnosis of prolonged grief disorder. It is often important to consider whether other people who share the bereaved person’s cultural or religious perspective (e.g. family, friends, community) regard the response to the loss or duration of the reaction as abnormal.""  
Justification: The post mentions a desire to play a game, which is a common activity and does not indicate any significant emotional distress or impairment. The statement reflects a normal response to a recreational activity and does not meet the criteria for prolonged grief disorder or depression based on the provided ICD-11 chunks.","[1] Prolonged grief disorder — Boundary with Normality: • An individual experiencing a grief reaction that is within a normative period given their cultural and religious context is considered to be experiencing normal bereavement, and should not be assigned a diagnosis of prolonged grief disorder. It is often important to consider whether other people w
---
[2] Prolonged grief disorder — Essential Features: • A history of bereavement following the death of a partner, parent, child or other person close to the bereaved is required for diagnosis. Disorders specifically associated with stress | Prolonged grief disorder Disorders specifically associated with stress 349 • A persistent and pervasive grief re
---
[3] Manic episode — Boundary with Normality: • Periods of euphoric or irritable mood that are entirely contextually appropriate (e.g. euphoria after winning a lottery) should not be considered as meeting the mood component of the diagnostic requirements for a manic episode.
---
[4] Manic episode — Essential Features: • Both of the following features occur concurrently and persist for most of the day, nearly every day, during a period of at least 1 week, unless shortened by a treatment intervention. • An extreme mood state is observable or reported, characterized by euphoria, irritability or expansiveness that re",,,,
Phase 3: Few-shot + Scoped-Hybrid Few-shot (Curated+Scoped)-28,Hybrid Few-shot (Curated+Scoped),28,normal,normal,"Label: normal
Evidence: [3] (Dysthymic disorder — Essential Features) says: ""Persistent depressed mood (i.e. lasting 2 years or more), for most of the day, for more days than not, as reported by the individual (e.g. feeling down, sad) or as observed (e.g. tearful, defeated appearance), is required for diagnosis. In children and adolescents depressed mood can manifest as pervasive irritability.""
Justification: The post does not indicate any depressive symptoms or suicidal ideation. The user is describing a technical issue and expresses frustration but does not mention any depressive symptoms or suicidal thoughts. The evidence from the ICD-11 chunk indicates that persistent depressed mood is required for diagnosis, but the post does not meet this criterion.","[1] Dysthymic disorder — Essential Features: since the onset of the disorder. • There is no history of manic, mixed or hypomanic episodes, which would indicate the presence of a bipolar or related disorder. • The symptoms are not a manifestation of another medical condition (e.g. hypothyroidism), and are not due to the effects of a substance o
---
[2] Dysthymic disorder — Boundary with Normality: • Some depressed mood is a normal reaction to severe adverse life events and problems, and is common in the community. Dysthymic disorder is differentiated from this common experience by the severity, range and duration of symptoms. Assessment of the presence or absence of signs or symptoms should b
---
[3] Dysthymic disorder — Essential Features: • Persistent depressed mood (i.e. lasting 2 years or more), for most of the day, for more days than not, as reported by the individual (e.g. feeling down, sad) or as observed (e.g. tearful, defeated appearance), is required for diagnosis. In children and adolescents depressed mood can manifest as pe",,,,
Phase 3: Few-shot + Scoped-Hybrid Few-shot (Curated+Scoped)-29,Hybrid Few-shot (Curated+Scoped),29,normal,normal,"Label: normal  
Evidence: ICD-11 chunk [3] says: ""Borderline pattern — Essential Features: of interpersonal dysfunction across various contexts and relationships (e.g. romantic relationships, school/work, parent-child, family, friendships, peer contexts) • Interest in engaging in relationships with others • Ability to understand and appreciate others’ perspectives • Ability to develop and maintain close and mutually satisfying relationships • Ability to manage conflict in relationships Pervasiveness, severity and chronicity of emotional, cognitive and behavioural manifestations of the personality dysfunction • Emotional manifestations • Range and appropriateness of emotional experience and expression • Tendency to be emotionally over- or underreactive • Ability to recognize and acknowledge emotions that are difficult or unwanted by the individual (e.g. anger, sadness) • Cognitive manifestations • Accuracy of situational and interpersonal appraisals, especially under stress • Ability to make appropriate decisions in situations of uncertainty • Appropriate stability and flexibility of belief systems • Behavioural manifestations • Flexibility in controlling impulses and modulating behaviour based on the situation and consideration of the consequences • Appropriateness of behavioural responses to intense emotions and stressful circumstances (e.g. propensity to self-harm or violence) The extent to which the dysfunctions in the above areas are associated with distress or impairment in personal, family, social, educational, occupational or other important areas of functioning Personality disorders and related traits | General diagnostic requirements for personality disorder 556 Clinical Descriptions and Diagnostic Requirements for ICD-11 Mental,""  
Justification: The quoted ICD-11 text describes a borderline pattern with interpersonal dysfunction, but the post does not indicate any signs of self-harm, depression, or other mental health conditions. The content is neutral and does not reflect a mental health crisis.","[1] Hypomanic episode — Essential Features: from one idea to the next; the person reports that their thoughts are rapid or even racing and has difficulty remaining on a topic); • increased self-esteem or grandiosity (e.g. the individual is more self-confident than usual); • decreased need for sleep (e.g. the person reports needing less sleep 
---
[2] Hypomanic episode — Boundary with Normality: • Hypomanic episodes are often difficult to distinguish from normal periods of elevated mood – for example, related to positive life events – particularly given that hypomanic episodes are not associated with significant functional impairment. In order to be considered a hypomanic episode, the sympt
---
[3] Borderline pattern — Essential Features: of interpersonal dysfunction across various contexts and relationships (e.g. romantic relationships, school/work, parent-child, family, friendships, peer contexts) • Interest in engaging in relationships with others • Ability to understand and appreciate others’ perspectives • Ability to develop and
---
[4] Manic episode — Essential Features: their skill level, or that they are about to become famous – in psychotic presentations of mania, this may be manifested in grandiose delusions); • decreased need for sleep (e.g. the person reports being able to function with only 2 or 3 hours of sleep), as distinct from insomnia, in which an indivi
---
[5] Manic episode — Boundary with Normality: • Periods of euphoric or irritable mood that are entirely contextually appropriate (e.g. euphoria after winning a lottery) should not be considered as meeting the mood component of the diagnostic requirements for a manic episode.",,,,
