response_id,config,post_index,true_label,predicted,full_answer,retrieved_chunks,c2_relevant,c2_note,c3_relevant,c3_note,correct,c1,c2,c3,grounding_score
Phase 5: 0.6B vs 1.7B-0.6B Zero-shot (Scoped)-0,0.6B Zero-shot (Scoped),0,suicidal,suicidal,"Label: suicidal  
Evidence: <ICD-11 chunk [number] says: ""quote the exact text from that chunk"">  
Justification: <explain how the quoted ICD-11 text connects to the post>","[1] Depressive episode — Essential Features: • The concurrent presence of at least five of the following characteristic symptoms occurring for most of the day, nearly every day, during a period lasting at least 2 weeks is required for diagnosis. At least one symptom from the affective cluster must be present. Assessment of the presence or abse
---
[2] Depressive episode — Boundary with Normality: • Some depression of mood is a normal reaction to severe adverse life events and problems (e.g. divorce, job loss), and is common in the community. A depressive episode is differentiated from this common experience by the severity, range and duration of symptoms. If the diagnostic requirements for a
---
[3] Depressive episode — Essential Features: suicidal ideation (with or without a specific plan), or evidence of attempted suicide Mood disorders 213 Neurovegetative cluster • Significantly disrupted sleep (delayed sleep onset, increased frequency of waking during the night, or early morning awakening) or excessive sleep • Significant change i
---
[4] Prolonged grief disorder — Boundary with Normality: • An individual experiencing a grief reaction that is within a normative period given their cultural and religious context is considered to be experiencing normal bereavement, and should not be assigned a diagnosis of prolonged grief disorder. It is often important to consider whether other people w
---
[5] Prolonged grief disorder — Essential Features: • A history of bereavement following the death of a partner, parent, child or other person close to the bereaved is required for diagnosis. Disorders specifically associated with stress | Prolonged grief disorder Disorders specifically associated with stress 349 • A persistent and pervasive grief re",,,,,1,0,0,0,0.0
Phase 5: 0.6B vs 1.7B-0.6B Zero-shot (Scoped)-1,0.6B Zero-shot (Scoped),1,suicidal,suicidal,"Label: suicidal  
Evidence: <ICD-11 chunk [number] says: ""persistent depressive symptoms 1 month or more following the loss"">  
Justification: The post expresses persistent depressive symptoms 1 month or more following the loss, indicating a depressive episode is present. The individual's inability to cry, express emotions, and feel loved, along with their anxiety and depression, aligns with the criteria for a suicidal ideation.","[1] Depressive episode — Boundary with Normality: • Some depression of mood is a normal reaction to severe adverse life events and problems (e.g. divorce, job loss), and is common in the community. A depressive episode is differentiated from this common experience by the severity, range and duration of symptoms. If the diagnostic requirements for a
---
[2] Depressive episode — Essential Features: • The concurrent presence of at least five of the following characteristic symptoms occurring for most of the day, nearly every day, during a period lasting at least 2 weeks is required for diagnosis. At least one symptom from the affective cluster must be present. Assessment of the presence or abse
---
[3] Dysthymic disorder — Boundary with Normality: • Some depressed mood is a normal reaction to severe adverse life events and problems, and is common in the community. Dysthymic disorder is differentiated from this common experience by the severity, range and duration of symptoms. Assessment of the presence or absence of signs or symptoms should b
---
[4] Dysthymic disorder — Essential Features: • Persistent depressed mood (i.e. lasting 2 years or more), for most of the day, for more days than not, as reported by the individual (e.g. feeling down, sad) or as observed (e.g. tearful, defeated appearance), is required for diagnosis. In children and adolescents depressed mood can manifest as pe
---
[5] Depressive episode — Boundary with Normality: a depressive episode can be superimposed on normal grief. The presence of a depressive episode during a period of bereavement is suggested by persistence of constant depressive symptoms 1 month or more following the loss (i.e. there are no periods of positive mood or enjoyment of activities); severe",,,,,1,1,0,0,33.33333333333333
Phase 5: 0.6B vs 1.7B-0.6B Zero-shot (Scoped)-2,0.6B Zero-shot (Scoped),2,suicidal,suicidal,"Label: suicidal  
Evidence: <ICD-11 chunk [number] says: ""quote the exact text from that chunk"">  
Justification: <explain how the quoted ICD-11 text connects to the post>","[1] Dysthymic disorder — Essential Features: • Persistent depressed mood (i.e. lasting 2 years or more), for most of the day, for more days than not, as reported by the individual (e.g. feeling down, sad) or as observed (e.g. tearful, defeated appearance), is required for diagnosis. In children and adolescents depressed mood can manifest as pe
---
[2] Dysthymic disorder — Boundary with Normality: • Some depressed mood is a normal reaction to severe adverse life events and problems, and is common in the community. Dysthymic disorder is differentiated from this common experience by the severity, range and duration of symptoms. Assessment of the presence or absence of signs or symptoms should b
---
[3] Depressive episode — Boundary with Normality: • Some depression of mood is a normal reaction to severe adverse life events and problems (e.g. divorce, job loss), and is common in the community. A depressive episode is differentiated from this common experience by the severity, range and duration of symptoms. If the diagnostic requirements for a
---
[4] Depressive episode — Essential Features: • The concurrent presence of at least five of the following characteristic symptoms occurring for most of the day, nearly every day, during a period lasting at least 2 weeks is required for diagnosis. At least one symptom from the affective cluster must be present. Assessment of the presence or abse
---
[5] Cyclothymic disorder — Essential Features: • Mood instability over an extended period of time (i.e. 2 years or more) characterized by numerous hypomanic and depressive periods is required for diagnosis. (In children and adolescents depressed mood can manifest as pervasive irritability.) Hypomanic periods may or may not have been sufficiently",,,,,1,0,0,0,0.0
Phase 5: 0.6B vs 1.7B-0.6B Zero-shot (Scoped)-3,0.6B Zero-shot (Scoped),3,suicidal,suicidal,"Label: suicidal  
Evidence: <ICD-11 chunk [number] says: ""I hate myself. My head is so messed up and my moods keep changing like a rollercoaster. I go from the happiest person to the most suicidal one in just a couple of hours and it is so exhausting. I want everything to end Having a rough day"">  
Justification: <ICD-11 chunk [number] says: ""I hate myself. My head is so messed up and my moods keep changing like a rollercoaster. I go from the happiest person to the most suicidal one in just a couple of hours and it is so exhausting. I want everything to end Having a rough day"">","[1] Hypomanic episode — Essential Features: • Both of the following symptoms occur concurrently and persist for most of the day, nearly every day, for at least several days. • Persistent elevation of mood or increased irritability is observable or reported, and represents a significant change from the individual’s usual range of moods (e.g. t
---
[2] Hypomanic episode — Boundary with Normality: • Hypomanic episodes are often difficult to distinguish from normal periods of elevated mood – for example, related to positive life events – particularly given that hypomanic episodes are not associated with significant functional impairment. In order to be considered a hypomanic episode, the sympt
---
[3] Depressive episode — Essential Features: • The concurrent presence of at least five of the following characteristic symptoms occurring for most of the day, nearly every day, during a period lasting at least 2 weeks is required for diagnosis. At least one symptom from the affective cluster must be present. Assessment of the presence or abse
---
[4] Depressive episode — Boundary with Normality: • Some depression of mood is a normal reaction to severe adverse life events and problems (e.g. divorce, job loss), and is common in the community. A depressive episode is differentiated from this common experience by the severity, range and duration of symptoms. If the diagnostic requirements for a
---
[5] Manic episode — Essential Features: • Both of the following features occur concurrently and persist for most of the day, nearly every day, during a period of at least 1 week, unless shortened by a treatment intervention. • An extreme mood state is observable or reported, characterized by euphoria, irritability or expansiveness that re",,,,,1,0,0,0,0.0
Phase 5: 0.6B vs 1.7B-0.6B Zero-shot (Scoped)-4,0.6B Zero-shot (Scoped),4,suicidal,suicidal,"Label: suicidal  
Evidence: <ICD-11 chunk [number] says: ""I just want out of this world, I have to many mental illnesses and my life is just slowly going downhill I want to die"">  
Justification: <ICD-11 chunk [number] says: ""I just want out of this world, I have to many mental illnesses and my life is just slowly going downhill I want to die"">","[1] Depressive episode — Essential Features: • The concurrent presence of at least five of the following characteristic symptoms occurring for most of the day, nearly every day, during a period lasting at least 2 weeks is required for diagnosis. At least one symptom from the affective cluster must be present. Assessment of the presence or abse
---
[2] Depressive episode — Boundary with Normality: • Some depression of mood is a normal reaction to severe adverse life events and problems (e.g. divorce, job loss), and is common in the community. A depressive episode is differentiated from this common experience by the severity, range and duration of symptoms. If the diagnostic requirements for a
---
[3] Manic episode — Essential Features: their skill level, or that they are about to become famous – in psychotic presentations of mania, this may be manifested in grandiose delusions); • decreased need for sleep (e.g. the person reports being able to function with only 2 or 3 hours of sleep), as distinct from insomnia, in which an indivi
---
[4] Manic episode — Boundary with Normality: • Periods of euphoric or irritable mood that are entirely contextually appropriate (e.g. euphoria after winning a lottery) should not be considered as meeting the mood component of the diagnostic requirements for a manic episode.
---
[5] Hypomanic episode — Essential Features: from one idea to the next; the person reports that their thoughts are rapid or even racing and has difficulty remaining on a topic); • increased self-esteem or grandiosity (e.g. the individual is more self-confident than usual); • decreased need for sleep (e.g. the person reports needing less sleep ",,,,,1,0,0,0,0.0
Phase 5: 0.6B vs 1.7B-0.6B Zero-shot (Scoped)-5,0.6B Zero-shot (Scoped),5,suicidal,suicidal,"Label: suicidal  
Evidence: <ICD-11 chunk [number] says: ""quote the exact text from that chunk"">  
Justification: <explain how the quoted ICD-11 text connects to the post>","[1] Dysthymic disorder — Boundary with Normality: • Some depressed mood is a normal reaction to severe adverse life events and problems, and is common in the community. Dysthymic disorder is differentiated from this common experience by the severity, range and duration of symptoms. Assessment of the presence or absence of signs or symptoms should b
---
[2] Dysthymic disorder — Essential Features: • Persistent depressed mood (i.e. lasting 2 years or more), for most of the day, for more days than not, as reported by the individual (e.g. feeling down, sad) or as observed (e.g. tearful, defeated appearance), is required for diagnosis. In children and adolescents depressed mood can manifest as pe
---
[3] Depressive episode — Essential Features: • The concurrent presence of at least five of the following characteristic symptoms occurring for most of the day, nearly every day, during a period lasting at least 2 weeks is required for diagnosis. At least one symptom from the affective cluster must be present. Assessment of the presence or abse
---
[4] Depressive episode — Boundary with Normality: • Some depression of mood is a normal reaction to severe adverse life events and problems (e.g. divorce, job loss), and is common in the community. A depressive episode is differentiated from this common experience by the severity, range and duration of symptoms. If the diagnostic requirements for a
---
[5] Manic episode — Essential Features: their skill level, or that they are about to become famous – in psychotic presentations of mania, this may be manifested in grandiose delusions); • decreased need for sleep (e.g. the person reports being able to function with only 2 or 3 hours of sleep), as distinct from insomnia, in which an indivi",,,,,1,0,0,0,0.0
Phase 5: 0.6B vs 1.7B-0.6B Zero-shot (Scoped)-6,0.6B Zero-shot (Scoped),6,suicidal,suicidal,"Label: suicidal  
Evidence: <ICD-11 chunk [number] says: ""The occurrence of one or more hypomanic episodes in the absence of a history of other types of mood episodes (manic, depressive or mixed episodes) is not a sufficient basis for a diagnosis of a mood disorder.""  
Justification: The post expresses a desire to avoid medication and hospitalization, which aligns with the concept of suicidal ideation. The mention of having overdosed twice and hesitating due to medication restrictions indicates a significant risk of suicide. The ICD-11 chunk supports the classification of suicidal ideation as a valid symptom.","[1] Depressive episode — Essential Features: • The concurrent presence of at least five of the following characteristic symptoms occurring for most of the day, nearly every day, during a period lasting at least 2 weeks is required for diagnosis. At least one symptom from the affective cluster must be present. Assessment of the presence or abse
---
[2] Depressive episode — Boundary with Normality: • Some depression of mood is a normal reaction to severe adverse life events and problems (e.g. divorce, job loss), and is common in the community. A depressive episode is differentiated from this common experience by the severity, range and duration of symptoms. If the diagnostic requirements for a
---
[3] Hypomanic episode — Essential Features: from one idea to the next; the person reports that their thoughts are rapid or even racing and has difficulty remaining on a topic); • increased self-esteem or grandiosity (e.g. the individual is more self-confident than usual); • decreased need for sleep (e.g. the person reports needing less sleep 
---
[4] Hypomanic episode — Boundary with Normality: • Hypomanic episodes are often difficult to distinguish from normal periods of elevated mood – for example, related to positive life events – particularly given that hypomanic episodes are not associated with significant functional impairment. In order to be considered a hypomanic episode, the sympt
---
[5] Hypomanic episode — Essential Features: • Both of the following symptoms occur concurrently and persist for most of the day, nearly every day, for at least several days. • Persistent elevation of mood or increased irritability is observable or reported, and represents a significant change from the individual’s usual range of moods (e.g. t",,,,,1,0,0,0,0.0
Phase 5: 0.6B vs 1.7B-0.6B Zero-shot (Scoped)-7,0.6B Zero-shot (Scoped),7,suicidal,normal,"Label: <normal>
Evidence: <ICD-11 chunk [number] says: ""quote the exact text from that chunk"">
Justification: <explain how the quoted ICD-11 text connects to the post>","[1] Adjustment disorder — Essential Features: • A maladaptive reaction to an identifiable psychosocial stressor or multiple stressors (e.g. single stressful event, ongoing psychosocial difficulty or a combination of stressful life situations) that usually emerges within a month of the stressor is required for diagnosis. Examples include divorce
---
[2] Adjustment disorder — Boundary with Normality: • Adjustment disorder represents a maladaptive reaction and failure to adapt to a stressor that is associated with significant preoccupation, and results in significant impairment in personal, family, social, educational, occupational or other important areas of functioning. Emotional reactions to n
---
[3] Mixed depressive and anxiety disorder — Essential Features: • The presence of both depressive and anxiety symptoms for most of the time during a period of 2 weeks or more is required for diagnosis. Mood disorders 259 • Depressive symptoms include depressed mood or markedly diminished interest or pleasure in activities. • There are multiple anxiety symptoms, 
---
[4] Mixed depressive and anxiety disorder — Boundary with Normality: • If worry is the only anxiety symptom (i.e. no sympathetic autonomic or other anxiety symptoms are present), a diagnosis of mixed depressive and anxiety disorder diagnosis is not appropriate.
---
[5] Depressive episode — Essential Features: suicidal ideation (with or without a specific plan), or evidence of attempted suicide Mood disorders 213 Neurovegetative cluster • Significantly disrupted sleep (delayed sleep onset, increased frequency of waking during the night, or early morning awakening) or excessive sleep • Significant change i",,,,,0,0,0,0,0.0
Phase 5: 0.6B vs 1.7B-0.6B Zero-shot (Scoped)-8,0.6B Zero-shot (Scoped),8,suicidal,suicidal,"Label: suicide  
Evidence: <ICD-11 chunk [number] says: ""suicidal ideation (with or without a specific plan), or evidence of attempted suicide Mood disorders 213 Neurovegetative cluster • Significantly disrupted sleep (delayed sleep onset, increased frequency of waking during the night, or early morning awakening) or excessive sleep"">  
Justification: The post discusses a plan involving a suicide pill with cyanide and sugar, which may indicate a potential suicide attempt. The ICD-11 chunk references ""suicidal ideation (with or without a specific plan)"" and ""attempted suicide,"" which aligns with the suicide-related content in the post.","[1] Depressive episode — Essential Features: • The concurrent presence of at least five of the following characteristic symptoms occurring for most of the day, nearly every day, during a period lasting at least 2 weeks is required for diagnosis. At least one symptom from the affective cluster must be present. Assessment of the presence or abse
---
[2] Depressive episode — Boundary with Normality: • Some depression of mood is a normal reaction to severe adverse life events and problems (e.g. divorce, job loss), and is common in the community. A depressive episode is differentiated from this common experience by the severity, range and duration of symptoms. If the diagnostic requirements for a
---
[3] Depressive episode — Essential Features: suicidal ideation (with or without a specific plan), or evidence of attempted suicide Mood disorders 213 Neurovegetative cluster • Significantly disrupted sleep (delayed sleep onset, increased frequency of waking during the night, or early morning awakening) or excessive sleep • Significant change i
---
[4] Dysthymic disorder — Essential Features: • Persistent depressed mood (i.e. lasting 2 years or more), for most of the day, for more days than not, as reported by the individual (e.g. feeling down, sad) or as observed (e.g. tearful, defeated appearance), is required for diagnosis. In children and adolescents depressed mood can manifest as pe
---
[5] Dysthymic disorder — Boundary with Normality: • Some depressed mood is a normal reaction to severe adverse life events and problems, and is common in the community. Dysthymic disorder is differentiated from this common experience by the severity, range and duration of symptoms. Assessment of the presence or absence of signs or symptoms should b",,,,,1,1,1,0,66.66666666666666
Phase 5: 0.6B vs 1.7B-0.6B Zero-shot (Scoped)-9,0.6B Zero-shot (Scoped),9,suicidal,suicidal,"Label: suicidal  
Evidence: <ICD-11 chunk [number] says: ""quote the exact text from that chunk"">  
Justification: <explain how the quoted ICD-11 text connects to the post>","[1] Dysthymic disorder — Essential Features: • Persistent depressed mood (i.e. lasting 2 years or more), for most of the day, for more days than not, as reported by the individual (e.g. feeling down, sad) or as observed (e.g. tearful, defeated appearance), is required for diagnosis. In children and adolescents depressed mood can manifest as pe
---
[2] Dysthymic disorder — Boundary with Normality: • Some depressed mood is a normal reaction to severe adverse life events and problems, and is common in the community. Dysthymic disorder is differentiated from this common experience by the severity, range and duration of symptoms. Assessment of the presence or absence of signs or symptoms should b
---
[3] Depressive episode — Essential Features: • The concurrent presence of at least five of the following characteristic symptoms occurring for most of the day, nearly every day, during a period lasting at least 2 weeks is required for diagnosis. At least one symptom from the affective cluster must be present. Assessment of the presence or abse
---
[4] Depressive episode — Boundary with Normality: • Some depression of mood is a normal reaction to severe adverse life events and problems (e.g. divorce, job loss), and is common in the community. A depressive episode is differentiated from this common experience by the severity, range and duration of symptoms. If the diagnostic requirements for a
---
[5] Cyclothymic disorder — Essential Features: • Mood instability over an extended period of time (i.e. 2 years or more) characterized by numerous hypomanic and depressive periods is required for diagnosis. (In children and adolescents depressed mood can manifest as pervasive irritability.) Hypomanic periods may or may not have been sufficiently",,,,,1,0,0,0,0.0
Phase 5: 0.6B vs 1.7B-0.6B Zero-shot (Scoped)-10,0.6B Zero-shot (Scoped),10,depression,suicidal,"Label: suicidal  
Evidence: <ICD-11 chunk [number] says: ""quote the exact text from that chunk"">  
Justification: <explain how the quoted ICD-11 text connects to the post>","[1] Hypomanic episode — Essential Features: • Both of the following symptoms occur concurrently and persist for most of the day, nearly every day, for at least several days. • Persistent elevation of mood or increased irritability is observable or reported, and represents a significant change from the individual’s usual range of moods (e.g. t
---
[2] Hypomanic episode — Boundary with Normality: • Hypomanic episodes are often difficult to distinguish from normal periods of elevated mood – for example, related to positive life events – particularly given that hypomanic episodes are not associated with significant functional impairment. In order to be considered a hypomanic episode, the sympt
---
[3] Depressive episode — Essential Features: • The concurrent presence of at least five of the following characteristic symptoms occurring for most of the day, nearly every day, during a period lasting at least 2 weeks is required for diagnosis. At least one symptom from the affective cluster must be present. Assessment of the presence or abse
---
[4] Depressive episode — Boundary with Normality: • Some depression of mood is a normal reaction to severe adverse life events and problems (e.g. divorce, job loss), and is common in the community. A depressive episode is differentiated from this common experience by the severity, range and duration of symptoms. If the diagnostic requirements for a
---
[5] Dysthymic disorder — Essential Features: • Persistent depressed mood (i.e. lasting 2 years or more), for most of the day, for more days than not, as reported by the individual (e.g. feeling down, sad) or as observed (e.g. tearful, defeated appearance), is required for diagnosis. In children and adolescents depressed mood can manifest as pe",,,,,0,0,0,0,0.0
Phase 5: 0.6B vs 1.7B-0.6B Zero-shot (Scoped)-11,0.6B Zero-shot (Scoped),11,depression,depression,"Label: <depression>
Evidence: <ICD-11 chunk [number] says: ""Depressed mood as reported by the individual (e.g. feeling down, sad) or as observed (e.g. tearful, defeated appearance) (Note: in children and adolescents depressed mood can manifest as irritability.)"">
Justification: The ICD-11 chunk connects to the post by indicating that the individual is experiencing a depressed mood, which aligns with the post's content of struggling with depression and questioning their identity. The evidence directly supports the claim that the individual is experiencing depression.","[1] Cyclothymic disorder — Essential Features: • Mood instability over an extended period of time (i.e. 2 years or more) characterized by numerous hypomanic and depressive periods is required for diagnosis. (In children and adolescents depressed mood can manifest as pervasive irritability.) Hypomanic periods may or may not have been sufficiently
---
[2] Cyclothymic disorder — Boundary with Normality: • Cyclothymic disorder is distinguished from normal variations in mood by a history of distress or difficulty functioning due to repeated occurrences of mood disturbance.
---
[3] Dysthymic disorder — Essential Features: • Persistent depressed mood (i.e. lasting 2 years or more), for most of the day, for more days than not, as reported by the individual (e.g. feeling down, sad) or as observed (e.g. tearful, defeated appearance), is required for diagnosis. In children and adolescents depressed mood can manifest as pe
---
[4] Dysthymic disorder — Boundary with Normality: • Some depressed mood is a normal reaction to severe adverse life events and problems, and is common in the community. Dysthymic disorder is differentiated from this common experience by the severity, range and duration of symptoms. Assessment of the presence or absence of signs or symptoms should b
---
[5] Depressive episode — Essential Features: • The concurrent presence of at least five of the following characteristic symptoms occurring for most of the day, nearly every day, during a period lasting at least 2 weeks is required for diagnosis. At least one symptom from the affective cluster must be present. Assessment of the presence or abse",,,,,1,1,1,1,100.0
Phase 5: 0.6B vs 1.7B-0.6B Zero-shot (Scoped)-12,0.6B Zero-shot (Scoped),12,depression,suicidal,"Label: suicidal  
Evidence: <ICD-11 chunk [number] says: ""I will not be remembered for anything and Ill die as nothing"">  
Justification: <ICD-11 chunk [number] says: ""I will not be remembered for anything and Ill die as nothing"">","[1] Depressive episode — Essential Features: suicidal ideation (with or without a specific plan), or evidence of attempted suicide Mood disorders 213 Neurovegetative cluster • Significantly disrupted sleep (delayed sleep onset, increased frequency of waking during the night, or early morning awakening) or excessive sleep • Significant change i
---
[2] Depressive episode — Boundary with Normality: • Some depression of mood is a normal reaction to severe adverse life events and problems (e.g. divorce, job loss), and is common in the community. A depressive episode is differentiated from this common experience by the severity, range and duration of symptoms. If the diagnostic requirements for a
---
[3] Depressive episode — Essential Features: • The concurrent presence of at least five of the following characteristic symptoms occurring for most of the day, nearly every day, during a period lasting at least 2 weeks is required for diagnosis. At least one symptom from the affective cluster must be present. Assessment of the presence or abse
---
[4] Prolonged grief disorder — Essential Features: • A history of bereavement following the death of a partner, parent, child or other person close to the bereaved is required for diagnosis. Disorders specifically associated with stress | Prolonged grief disorder Disorders specifically associated with stress 349 • A persistent and pervasive grief re
---
[5] Prolonged grief disorder — Boundary with Normality: • An individual experiencing a grief reaction that is within a normative period given their cultural and religious context is considered to be experiencing normal bereavement, and should not be assigned a diagnosis of prolonged grief disorder. It is often important to consider whether other people w",,,,,0,0,0,0,0.0
Phase 5: 0.6B vs 1.7B-0.6B Zero-shot (Scoped)-13,0.6B Zero-shot (Scoped),13,depression,suicidal,"Label: suicidal  
Evidence: <ICD-11 chunk [number] says: ""Significant change in appetite (diminished or increased) or significant weight change (gain or loss) or excessive sleep"">  
Justification: The post expresses a sense of regret and a desire for someone to be happy, which aligns with suicidal ideation. The ICD-11 chunk references symptoms like significant change in appetite or weight, indicating a potential suicidal ideation. The text also mentions a ""pathetic idiot"" and ""no one cares about,"" which further supports the suicidal ideation.","[1] Depressive episode — Essential Features: • The concurrent presence of at least five of the following characteristic symptoms occurring for most of the day, nearly every day, during a period lasting at least 2 weeks is required for diagnosis. At least one symptom from the affective cluster must be present. Assessment of the presence or abse
---
[2] Depressive episode — Boundary with Normality: • Some depression of mood is a normal reaction to severe adverse life events and problems (e.g. divorce, job loss), and is common in the community. A depressive episode is differentiated from this common experience by the severity, range and duration of symptoms. If the diagnostic requirements for a
---
[3] Dysthymic disorder — Boundary with Normality: • Some depressed mood is a normal reaction to severe adverse life events and problems, and is common in the community. Dysthymic disorder is differentiated from this common experience by the severity, range and duration of symptoms. Assessment of the presence or absence of signs or symptoms should b
---
[4] Dysthymic disorder — Essential Features: • Persistent depressed mood (i.e. lasting 2 years or more), for most of the day, for more days than not, as reported by the individual (e.g. feeling down, sad) or as observed (e.g. tearful, defeated appearance), is required for diagnosis. In children and adolescents depressed mood can manifest as pe
---
[5] Depressive episode — Essential Features: suicidal ideation (with or without a specific plan), or evidence of attempted suicide Mood disorders 213 Neurovegetative cluster • Significantly disrupted sleep (delayed sleep onset, increased frequency of waking during the night, or early morning awakening) or excessive sleep • Significant change i",,,,,0,1,1,0,66.66666666666666
Phase 5: 0.6B vs 1.7B-0.6B Zero-shot (Scoped)-14,0.6B Zero-shot (Scoped),14,depression,depression,"Label: <suicidal|depression|normal>
Evidence: <ICD-11 chunk [number] says: ""quote the exact text from that chunk"">
Justification: <explain how the quoted ICD-11 text connects to the post>","[1] Hypomanic episode — Essential Features: • Both of the following symptoms occur concurrently and persist for most of the day, nearly every day, for at least several days. • Persistent elevation of mood or increased irritability is observable or reported, and represents a significant change from the individual’s usual range of moods (e.g. t
---
[2] Hypomanic episode — Boundary with Normality: • Hypomanic episodes are often difficult to distinguish from normal periods of elevated mood – for example, related to positive life events – particularly given that hypomanic episodes are not associated with significant functional impairment. In order to be considered a hypomanic episode, the sympt
---
[3] Prolonged grief disorder — Essential Features: • A history of bereavement following the death of a partner, parent, child or other person close to the bereaved is required for diagnosis. Disorders specifically associated with stress | Prolonged grief disorder Disorders specifically associated with stress 349 • A persistent and pervasive grief re
---
[4] Prolonged grief disorder — Boundary with Normality: • An individual experiencing a grief reaction that is within a normative period given their cultural and religious context is considered to be experiencing normal bereavement, and should not be assigned a diagnosis of prolonged grief disorder. It is often important to consider whether other people w",,,,,1,0,0,0,0.0
Phase 5: 0.6B vs 1.7B-0.6B Zero-shot (Scoped)-15,0.6B Zero-shot (Scoped),15,depression,suicidal,"Label: suicidal  
Evidence: <ICD-11 chunk [number] says: ""quote the exact text from that chunk"">  
Justification: <explain how the quoted ICD-11 text connects to the post>","[1] Depressive episode — Essential Features: • The concurrent presence of at least five of the following characteristic symptoms occurring for most of the day, nearly every day, during a period lasting at least 2 weeks is required for diagnosis. At least one symptom from the affective cluster must be present. Assessment of the presence or abse
---
[2] Depressive episode — Boundary with Normality: • Some depression of mood is a normal reaction to severe adverse life events and problems (e.g. divorce, job loss), and is common in the community. A depressive episode is differentiated from this common experience by the severity, range and duration of symptoms. If the diagnostic requirements for a
---
[3] Dysthymic disorder — Essential Features: • Persistent depressed mood (i.e. lasting 2 years or more), for most of the day, for more days than not, as reported by the individual (e.g. feeling down, sad) or as observed (e.g. tearful, defeated appearance), is required for diagnosis. In children and adolescents depressed mood can manifest as pe
---
[4] Dysthymic disorder — Boundary with Normality: • Some depressed mood is a normal reaction to severe adverse life events and problems, and is common in the community. Dysthymic disorder is differentiated from this common experience by the severity, range and duration of symptoms. Assessment of the presence or absence of signs or symptoms should b
---
[5] Mixed depressive and anxiety disorder — Essential Features: • The presence of both depressive and anxiety symptoms for most of the time during a period of 2 weeks or more is required for diagnosis. Mood disorders 259 • Depressive symptoms include depressed mood or markedly diminished interest or pleasure in activities. • There are multiple anxiety symptoms, ",,,,,0,0,0,0,0.0
Phase 5: 0.6B vs 1.7B-0.6B Zero-shot (Scoped)-16,0.6B Zero-shot (Scoped),16,depression,suicidal,"Label: suicidal  
Evidence: <ICD-11 chunk [number] says: ""A history of bereavement following the death of a partner, parent, child or other person close to the bereaved is required for diagnosis. Disorders specifically associated with stress | Prolonged grief disorder Disorders specifically associated with stress 349"">  
Justification: The post expresses feelings of attachment, loneliness, and emotional distress, which aligns with the symptoms of prolonged grief disorder. The evidence directly connects to the ICD-11 chunk that requires a history of bereavement and persistent grief, indicating a potential diagnosis of prolonged grief disorder.","[1] Prolonged grief disorder — Boundary with Normality: • An individual experiencing a grief reaction that is within a normative period given their cultural and religious context is considered to be experiencing normal bereavement, and should not be assigned a diagnosis of prolonged grief disorder. It is often important to consider whether other people w
---
[2] Prolonged grief disorder — Essential Features: • A history of bereavement following the death of a partner, parent, child or other person close to the bereaved is required for diagnosis. Disorders specifically associated with stress | Prolonged grief disorder Disorders specifically associated with stress 349 • A persistent and pervasive grief re
---
[3] Hypomanic episode — Essential Features: • Both of the following symptoms occur concurrently and persist for most of the day, nearly every day, for at least several days. • Persistent elevation of mood or increased irritability is observable or reported, and represents a significant change from the individual’s usual range of moods (e.g. t
---
[4] Hypomanic episode — Boundary with Normality: • Hypomanic episodes are often difficult to distinguish from normal periods of elevated mood – for example, related to positive life events – particularly given that hypomanic episodes are not associated with significant functional impairment. In order to be considered a hypomanic episode, the sympt
---
[5] Borderline pattern — Essential Features: of interpersonal dysfunction across various contexts and relationships (e.g. romantic relationships, school/work, parent-child, family, friendships, peer contexts) • Interest in engaging in relationships with others • Ability to understand and appreciate others’ perspectives • Ability to develop and",,,,,0,1,0,0,33.33333333333333
Phase 5: 0.6B vs 1.7B-0.6B Zero-shot (Scoped)-17,0.6B Zero-shot (Scoped),17,depression,depression,"Label: depression  
Evidence: <ICD-11 chunk [2] says: ""A depressive episode should not be considered to be present if the individual is exhibiting normal grief symptoms, including some level of depressive symptoms, and the individual has experienced the death of a loved one within the past 6 months, or longer if a more extended period of bereavement is consistent with the normative response for grieving within the individual’s religious and cultural context.""  
Justification: The post reflects a person experiencing depression, as it discusses their loss of identity due to caring for others more than themselves, which contributes to their depression and dark thoughts. The ICD-11 chunk [2] supports this by highlighting the boundary between normal grief and depression.","[1] Depressive episode — Essential Features: • The concurrent presence of at least five of the following characteristic symptoms occurring for most of the day, nearly every day, during a period lasting at least 2 weeks is required for diagnosis. At least one symptom from the affective cluster must be present. Assessment of the presence or abse
---
[2] Depressive episode — Boundary with Normality: • Some depression of mood is a normal reaction to severe adverse life events and problems (e.g. divorce, job loss), and is common in the community. A depressive episode is differentiated from this common experience by the severity, range and duration of symptoms. If the diagnostic requirements for a
---
[3] Cyclothymic disorder — Essential Features: • Mood instability over an extended period of time (i.e. 2 years or more) characterized by numerous hypomanic and depressive periods is required for diagnosis. (In children and adolescents depressed mood can manifest as pervasive irritability.) Hypomanic periods may or may not have been sufficiently
---
[4] Cyclothymic disorder — Boundary with Normality: • Cyclothymic disorder is distinguished from normal variations in mood by a history of distress or difficulty functioning due to repeated occurrences of mood disturbance.
---
[5] Mixed depressive and anxiety disorder — Essential Features: • The presence of both depressive and anxiety symptoms for most of the time during a period of 2 weeks or more is required for diagnosis. Mood disorders 259 • Depressive symptoms include depressed mood or markedly diminished interest or pleasure in activities. • There are multiple anxiety symptoms, ",,,,,1,0,0,0,0.0
Phase 5: 0.6B vs 1.7B-0.6B Zero-shot (Scoped)-18,0.6B Zero-shot (Scoped),18,depression,normal,"Label: <normal>
Evidence: <ICD-11 chunk [number] says: ""quote the exact text from that chunk"">
Justification: <explain how the quoted ICD-11 text connects to the post>","[1] Hypomanic episode — Essential Features: • Both of the following symptoms occur concurrently and persist for most of the day, nearly every day, for at least several days. • Persistent elevation of mood or increased irritability is observable or reported, and represents a significant change from the individual’s usual range of moods (e.g. t
---
[2] Hypomanic episode — Boundary with Normality: • Hypomanic episodes are often difficult to distinguish from normal periods of elevated mood – for example, related to positive life events – particularly given that hypomanic episodes are not associated with significant functional impairment. In order to be considered a hypomanic episode, the sympt
---
[3] Manic episode — Essential Features: • Both of the following features occur concurrently and persist for most of the day, nearly every day, during a period of at least 1 week, unless shortened by a treatment intervention. • An extreme mood state is observable or reported, characterized by euphoria, irritability or expansiveness that re
---
[4] Manic episode — Boundary with Normality: • Periods of euphoric or irritable mood that are entirely contextually appropriate (e.g. euphoria after winning a lottery) should not be considered as meeting the mood component of the diagnostic requirements for a manic episode.
---
[5] Cyclothymic disorder — Essential Features: • Mood instability over an extended period of time (i.e. 2 years or more) characterized by numerous hypomanic and depressive periods is required for diagnosis. (In children and adolescents depressed mood can manifest as pervasive irritability.) Hypomanic periods may or may not have been sufficiently",,,,,0,0,0,0,0.0
Phase 5: 0.6B vs 1.7B-0.6B Zero-shot (Scoped)-19,0.6B Zero-shot (Scoped),19,depression,suicidal,"Label: suicidal  
Evidence: <ICD-11 chunk [number] says: ""suicidal ideation (with or without a specific plan)""  
Justification: The post contains explicit suicidal ideation, which aligns with the ICD-11 criteria for suicidal ideation. The evidence directly supports the claim that the individual is experiencing suicidal thoughts.","[1] Depressive episode — Essential Features: • The concurrent presence of at least five of the following characteristic symptoms occurring for most of the day, nearly every day, during a period lasting at least 2 weeks is required for diagnosis. At least one symptom from the affective cluster must be present. Assessment of the presence or abse
---
[2] Depressive episode — Boundary with Normality: • Some depression of mood is a normal reaction to severe adverse life events and problems (e.g. divorce, job loss), and is common in the community. A depressive episode is differentiated from this common experience by the severity, range and duration of symptoms. If the diagnostic requirements for a
---
[3] Depressive episode — Essential Features: suicidal ideation (with or without a specific plan), or evidence of attempted suicide Mood disorders 213 Neurovegetative cluster • Significantly disrupted sleep (delayed sleep onset, increased frequency of waking during the night, or early morning awakening) or excessive sleep • Significant change i
---
[4] Dysthymic disorder — Essential Features: since the onset of the disorder. • There is no history of manic, mixed or hypomanic episodes, which would indicate the presence of a bipolar or related disorder. • The symptoms are not a manifestation of another medical condition (e.g. hypothyroidism), and are not due to the effects of a substance o
---
[5] Dysthymic disorder — Boundary with Normality: • Some depressed mood is a normal reaction to severe adverse life events and problems, and is common in the community. Dysthymic disorder is differentiated from this common experience by the severity, range and duration of symptoms. Assessment of the presence or absence of signs or symptoms should b",,,,,0,1,1,1,100.0
Phase 5: 0.6B vs 1.7B-0.6B Zero-shot (Scoped)-20,0.6B Zero-shot (Scoped),20,normal,normal,"Label: normal  
Evidence: <ICD-11 chunk [number] says: ""quote the exact text from that chunk"">  
Justification: <explain how the quoted ICD-11 text connects to the post>","[1] Generalized anxiety disorder — Boundary with Normality: • Anxiety and worry are normal emotional/cognitive states that commonly occur when people are under stress. At optimal levels, anxiety and worry may help to direct problem- solving efforts, focus attention adaptively and increase alertness. Normal anxiety and worry are usually sufficiently self-regu
---
[2] Generalized anxiety disorder — Essential Features: • Marked symptoms of anxiety are required for diagnosis, manifested in either: • general apprehensiveness that is not restricted to any particular environmental circumstance (i.e. “free-floating anxiety”); or • excessive worry (apprehensive expectation) about negative events occurring in several dif
---
[3] Panic disorder — Boundary with Normality: • Panic attacks are common in the general population, particularly in response to anxiety- provoking life events. Panic attacks in response to real threats to an individual’s physical or psychological integrity are considered part of the normative continuum of reactions, and a diagnosis is not warra
---
[4] Panic disorder — Essential Features: • Recurrent panic attacks, which are discrete episodes of intense fear or apprehension characterized by the rapid and concurrent onset of several characteristic symptoms, are required for diagnosis. These symptoms may include, but are not limited to, the following: • palpitations or increased heart 
---
[5] Specific phobia — Boundary with Normality: • In children and adolescents, some fears may be part of normal development (e.g. a young child who is afraid of dogs). Specific phobia should only be diagnosed if the fear or anxiety is excessive in comparison to that of other individuals at a similar developmental level.",,,,,1,0,0,0,0.0
Phase 5: 0.6B vs 1.7B-0.6B Zero-shot (Scoped)-21,0.6B Zero-shot (Scoped),21,normal,suicidal,"Label: suicidal  
Evidence: <ICD-11 chunk [number] says: ""Significant change in appetite (diminished or increased) or significant weight change (gain or loss) or excessive sleep""  
Justification: The post mentions that the person has been lying in bed for seven hours and is listening to a song, indicating a lack of sleep and possibly a lack of appetite or weight change. This aligns with the ICD-11 criteria for suicidal ideation or evidence of attempted suicide, as the symptoms are significant and persistent.","[1] Depressive episode — Essential Features: • The concurrent presence of at least five of the following characteristic symptoms occurring for most of the day, nearly every day, during a period lasting at least 2 weeks is required for diagnosis. At least one symptom from the affective cluster must be present. Assessment of the presence or abse
---
[2] Depressive episode — Boundary with Normality: • Some depression of mood is a normal reaction to severe adverse life events and problems (e.g. divorce, job loss), and is common in the community. A depressive episode is differentiated from this common experience by the severity, range and duration of symptoms. If the diagnostic requirements for a
---
[3] Dysthymic disorder — Essential Features: • Persistent depressed mood (i.e. lasting 2 years or more), for most of the day, for more days than not, as reported by the individual (e.g. feeling down, sad) or as observed (e.g. tearful, defeated appearance), is required for diagnosis. In children and adolescents depressed mood can manifest as pe
---
[4] Dysthymic disorder — Boundary with Normality: • Some depressed mood is a normal reaction to severe adverse life events and problems, and is common in the community. Dysthymic disorder is differentiated from this common experience by the severity, range and duration of symptoms. Assessment of the presence or absence of signs or symptoms should b
---
[5] Depressive episode — Essential Features: suicidal ideation (with or without a specific plan), or evidence of attempted suicide Mood disorders 213 Neurovegetative cluster • Significantly disrupted sleep (delayed sleep onset, increased frequency of waking during the night, or early morning awakening) or excessive sleep • Significant change i",,,,,0,1,1,0,66.66666666666666
Phase 5: 0.6B vs 1.7B-0.6B Zero-shot (Scoped)-22,0.6B Zero-shot (Scoped),22,normal,suicidal,"Label: suicidal  
Evidence: <ICD-11 chunk [number] says: ""quote the exact text from that chunk"">  
Justification: <explain how the quoted ICD-11 text connects to the post>","[1] Depressive episode — Essential Features: suicidal ideation (with or without a specific plan), or evidence of attempted suicide Mood disorders 213 Neurovegetative cluster • Significantly disrupted sleep (delayed sleep onset, increased frequency of waking during the night, or early morning awakening) or excessive sleep • Significant change i
---
[2] Depressive episode — Boundary with Normality: • Some depression of mood is a normal reaction to severe adverse life events and problems (e.g. divorce, job loss), and is common in the community. A depressive episode is differentiated from this common experience by the severity, range and duration of symptoms. If the diagnostic requirements for a
---
[3] Prolonged grief disorder — Essential Features: • A history of bereavement following the death of a partner, parent, child or other person close to the bereaved is required for diagnosis. Disorders specifically associated with stress | Prolonged grief disorder Disorders specifically associated with stress 349 • A persistent and pervasive grief re
---
[4] Prolonged grief disorder — Boundary with Normality: • An individual experiencing a grief reaction that is within a normative period given their cultural and religious context is considered to be experiencing normal bereavement, and should not be assigned a diagnosis of prolonged grief disorder. It is often important to consider whether other people w
---
[5] Depressive episode — Boundary with Normality: a depressive episode can be superimposed on normal grief. The presence of a depressive episode during a period of bereavement is suggested by persistence of constant depressive symptoms 1 month or more following the loss (i.e. there are no periods of positive mood or enjoyment of activities); severe",,,,,0,0,0,0,0.0
Phase 5: 0.6B vs 1.7B-0.6B Zero-shot (Scoped)-23,0.6B Zero-shot (Scoped),23,normal,normal,"Label: <normal>
Evidence: <ICD-11 chunk [number] says: ""quote the exact text from that chunk"">
Justification: <explain how the quoted ICD-11 text connects to the post>","[1] Disorder specifically associated with stress, unspecified — Essential Features: • Exposure to an event or situation (either short- or long-lasting) of an extremely threatening or horrific nature is required for diagnosis. Such events include, but are not limited to, directly experiencing natural or human-made disasters, combat, serious accidents, torture, Disorders specifically
---
[2] Post-traumatic stress disorder — Essential Features: • Exposure to an event or situation (either short- or long-lasting) of an extremely threatening or horrific nature is required for diagnosis. Such events include, but are not limited to, directly experiencing natural or human-made disasters, combat, serious accidents, torture, sexual violence, terro
---
[3] Post-traumatic stress disorder — Boundary with Normality: • A history of exposure to an event or situation of an extremely threatening or horrific nature does not in itself indicate the presence of post-traumatic stress disorder. Many people experience such stressors without developing a disorder. Rather, the presentation must meet all diagnostic requireme
---
[4] Agoraphobia — Essential Features: • Marked and excessive fear or anxiety that occurs in, or in anticipation of, multiple situations where escape might be difficult or help might not be available is required for diagnosis. Examples include using public transportation, or being in crowds, outside the home alone, in shops or theatres, 
---
[5] Agoraphobia — Boundary with Normality: • Individuals may exhibit transient avoidance behaviours in the context of normal development or in periods of increased stress. These behaviours are differentiated from agoraphobia because they are limited in duration and do not lead to significant impact on functioning. • Individuals with disabili",,,,,1,1,1,0,66.66666666666666
Phase 5: 0.6B vs 1.7B-0.6B Zero-shot (Scoped)-24,0.6B Zero-shot (Scoped),24,normal,normal,"Label: <normal>
Evidence: <ICD-11 chunk [number] says: ""quote the exact text from that chunk"">
Justification: <explain how the quoted ICD-11 text connects to the post>","[1] Manic episode — Boundary with Normality: • Periods of euphoric or irritable mood that are entirely contextually appropriate (e.g. euphoria after winning a lottery) should not be considered as meeting the mood component of the diagnostic requirements for a manic episode.
---
[2] Manic episode — Essential Features: • Both of the following features occur concurrently and persist for most of the day, nearly every day, during a period of at least 1 week, unless shortened by a treatment intervention. • An extreme mood state is observable or reported, characterized by euphoria, irritability or expansiveness that re
---
[3] Cyclothymic disorder — Boundary with Normality: • Cyclothymic disorder is distinguished from normal variations in mood by a history of distress or difficulty functioning due to repeated occurrences of mood disturbance.
---
[4] Cyclothymic disorder — Essential Features: • Mood instability over an extended period of time (i.e. 2 years or more) characterized by numerous hypomanic and depressive periods is required for diagnosis. (In children and adolescents depressed mood can manifest as pervasive irritability.) Hypomanic periods may or may not have been sufficiently
---
[5] Manic episode — Essential Features: their skill level, or that they are about to become famous – in psychotic presentations of mania, this may be manifested in grandiose delusions); • decreased need for sleep (e.g. the person reports being able to function with only 2 or 3 hours of sleep), as distinct from insomnia, in which an indivi",,,,,1,0,0,0,0.0
Phase 5: 0.6B vs 1.7B-0.6B Zero-shot (Scoped)-25,0.6B Zero-shot (Scoped),25,normal,suicidal,"Label: <normal>
Evidence: <ICD-11 chunk [number] says: ""The reaction to the stressor is characterized by preoccupation with the stressor or its consequences, including excessive worry, recurrent and distressing thoughts about the stressor, or constant rumination about its implications."">
Justification: The post does not indicate any specific symptoms or concerns that would meet the criteria for a suicidal ideation or adjustment disorder. It appears to be a casual message with no indication of distress or significant impairment.","[1] Adjustment disorder — Essential Features: • A maladaptive reaction to an identifiable psychosocial stressor or multiple stressors (e.g. single stressful event, ongoing psychosocial difficulty or a combination of stressful life situations) that usually emerges within a month of the stressor is required for diagnosis. Examples include divorce
---
[2] Adjustment disorder — Boundary with Normality: • Adjustment disorder represents a maladaptive reaction and failure to adapt to a stressor that is associated with significant preoccupation, and results in significant impairment in personal, family, social, educational, occupational or other important areas of functioning. Emotional reactions to n",,,,,0,1,1,0,66.66666666666666
Phase 5: 0.6B vs 1.7B-0.6B Zero-shot (Scoped)-26,0.6B Zero-shot (Scoped),26,normal,normal,"Label: <normal>
Evidence: <ICD-11 chunk [218] says: ""The symptoms are not a manifestation of another medical condition (e.g. hypothyroidism), and are not due to the effects of a substance or medication on the central nervous system (e.g. benzodiazepines), including withdrawal effects (e.g. from stimulants)."">  
Justification: <ICD-11 chunk [218] connects to the post by indicating that the individual's basic math-related discord is not a medical condition or substance-related issue, and is not a normal manifestation of hypothyroidism or benzodiazepines. The post reflects a normal, non-medical concern about their math-related issues.","[1] Manic episode — Essential Features: their skill level, or that they are about to become famous – in psychotic presentations of mania, this may be manifested in grandiose delusions); • decreased need for sleep (e.g. the person reports being able to function with only 2 or 3 hours of sleep), as distinct from insomnia, in which an indivi
---
[2] Manic episode — Boundary with Normality: • Periods of euphoric or irritable mood that are entirely contextually appropriate (e.g. euphoria after winning a lottery) should not be considered as meeting the mood component of the diagnostic requirements for a manic episode.
---
[3] Mixed episode — Essential Features: sexual desire or appetite) and cognitive functioning (e.g. periods of activation and inhibition or slowing of thoughts, attention and memory). • The symptoms are not a manifestation of another medical condition (e.g. a brain tumour), and are not due to the effects of a substance or medication on the
---
[4] Dysthymic disorder — Essential Features: since the onset of the disorder. • There is no history of manic, mixed or hypomanic episodes, which would indicate the presence of a bipolar or related disorder. • The symptoms are not a manifestation of another medical condition (e.g. hypothyroidism), and are not due to the effects of a substance o
---
[5] Dysthymic disorder — Boundary with Normality: • Some depressed mood is a normal reaction to severe adverse life events and problems, and is common in the community. Dysthymic disorder is differentiated from this common experience by the severity, range and duration of symptoms. Assessment of the presence or absence of signs or symptoms should b",,,,,1,0,0,0,0.0
Phase 5: 0.6B vs 1.7B-0.6B Zero-shot (Scoped)-27,0.6B Zero-shot (Scoped),27,normal,normal,"Label: normal  
Evidence: <ICD-11 chunk [number] says: ""quote the exact text from that chunk"">  
Justification: <explain how the quoted ICD-11 text connects to the post>","[1] Prolonged grief disorder — Boundary with Normality: • An individual experiencing a grief reaction that is within a normative period given their cultural and religious context is considered to be experiencing normal bereavement, and should not be assigned a diagnosis of prolonged grief disorder. It is often important to consider whether other people w
---
[2] Prolonged grief disorder — Essential Features: • A history of bereavement following the death of a partner, parent, child or other person close to the bereaved is required for diagnosis. Disorders specifically associated with stress | Prolonged grief disorder Disorders specifically associated with stress 349 • A persistent and pervasive grief re
---
[3] Manic episode — Boundary with Normality: • Periods of euphoric or irritable mood that are entirely contextually appropriate (e.g. euphoria after winning a lottery) should not be considered as meeting the mood component of the diagnostic requirements for a manic episode.
---
[4] Manic episode — Essential Features: • Both of the following features occur concurrently and persist for most of the day, nearly every day, during a period of at least 1 week, unless shortened by a treatment intervention. • An extreme mood state is observable or reported, characterized by euphoria, irritability or expansiveness that re",,,,,1,0,0,0,0.0
Phase 5: 0.6B vs 1.7B-0.6B Zero-shot (Scoped)-28,0.6B Zero-shot (Scoped),28,normal,depression,"Label: <normal>
Evidence: <ICD-11 chunk [number] says: ""the depressed mood is accompanied by additional symptoms typically seen in a depressive episode, though these may be milder in form""  
Justification: The post does not indicate any signs or symptoms of depression or distress, and there is no mention of persistent depressive symptoms or significant impairment in personal, family, social, educational, or occupational areas. The content is about a technical issue with the internet, not a mental health concern.","[1] Dysthymic disorder — Essential Features: since the onset of the disorder. • There is no history of manic, mixed or hypomanic episodes, which would indicate the presence of a bipolar or related disorder. • The symptoms are not a manifestation of another medical condition (e.g. hypothyroidism), and are not due to the effects of a substance o
---
[2] Dysthymic disorder — Boundary with Normality: • Some depressed mood is a normal reaction to severe adverse life events and problems, and is common in the community. Dysthymic disorder is differentiated from this common experience by the severity, range and duration of symptoms. Assessment of the presence or absence of signs or symptoms should b
---
[3] Dysthymic disorder — Essential Features: • Persistent depressed mood (i.e. lasting 2 years or more), for most of the day, for more days than not, as reported by the individual (e.g. feeling down, sad) or as observed (e.g. tearful, defeated appearance), is required for diagnosis. In children and adolescents depressed mood can manifest as pe",,,,,0,1,1,1,100.0
Phase 5: 0.6B vs 1.7B-0.6B Zero-shot (Scoped)-29,0.6B Zero-shot (Scoped),29,normal,normal,"Label: normal  
Evidence: <ICD-11 chunk [number] says: ""The symptoms are not a manifestation of another medical condition (e.g. a brain tumour), and are not due to the effects of a substance or medication on the central nervous system (e.g. cocaine, amfetamines), including withdrawal effects."">  
Justification: <explain how the quoted ICD-11 text connects to the post>","[1] Hypomanic episode — Essential Features: from one idea to the next; the person reports that their thoughts are rapid or even racing and has difficulty remaining on a topic); • increased self-esteem or grandiosity (e.g. the individual is more self-confident than usual); • decreased need for sleep (e.g. the person reports needing less sleep 
---
[2] Hypomanic episode — Boundary with Normality: • Hypomanic episodes are often difficult to distinguish from normal periods of elevated mood – for example, related to positive life events – particularly given that hypomanic episodes are not associated with significant functional impairment. In order to be considered a hypomanic episode, the sympt
---
[3] Borderline pattern — Essential Features: of interpersonal dysfunction across various contexts and relationships (e.g. romantic relationships, school/work, parent-child, family, friendships, peer contexts) • Interest in engaging in relationships with others • Ability to understand and appreciate others’ perspectives • Ability to develop and
---
[4] Manic episode — Essential Features: their skill level, or that they are about to become famous – in psychotic presentations of mania, this may be manifested in grandiose delusions); • decreased need for sleep (e.g. the person reports being able to function with only 2 or 3 hours of sleep), as distinct from insomnia, in which an indivi
---
[5] Manic episode — Boundary with Normality: • Periods of euphoric or irritable mood that are entirely contextually appropriate (e.g. euphoria after winning a lottery) should not be considered as meeting the mood component of the diagnostic requirements for a manic episode.",,,,,1,1,1,0,66.66666666666666
